﻿<?xml version="1.0" encoding="UTF-8"?>
<manifest identifier="D2L_12175" xmlns:d2l_2p0="http://desire2learn.com/xsd/d2lcp_v2p0" xmlns:scorm_1p2="http://www.adlnet.org/xsd/adlcp_rootv1p2" xmlns:imsmd="http://www.imsglobal.org/xsd/imsmd_rootv1p2p1" xmlns="http://www.imsglobal.org/xsd/imscp_v1p1">
    <metadata>
        <imsmd:lom>
            <imsmd:general>
                <imsmd:title>
                    <imsmd:langstring xml:lang="en-ca">AI and the Global Landscape (DEV)</imsmd:langstring>
                </imsmd:title>
                <imsmd:keyword>
                    <imsmd:langstring xml:lang="en-ca">DDN248-DEV-EN</imsmd:langstring>
                </imsmd:keyword>
                <imsmd:language>en-ca</imsmd:language>
            </imsmd:general>
        </imsmd:lom>
    </metadata>
    <organizations default="d2l_orgs">
        <organization identifier="d2l_org">
            <item identifier="70403" identifierref="RES_CONTENT_70403" d2l_2p0:id="1" d2l_2p0:resource_code="23116E12-04C0-4FA6-BDD4-3082E33A4375-38016" description="&lt;p&gt;&lt;img src=&quot;1000_F_543849311_myZuaenOTwLhd2wpImuNy3aAysyAJzbW.jpg&quot; alt=&quot;&quot; title=&quot;&quot; data-d2l-editor-default-img-style=&quot;true&quot; style=&quot;max-width: 100%;&quot;&gt;As Public Servants, we have a duty to protect Public trust: The use of Artificial Intelligence (AI) has the potential to affect the lives of Canadian in significant ways. This self-paced course will take you on a journey through AI global governance and the most important AI guidelines and decisions.&lt;/p&gt;" completion_type="2">
                <title>Module 1: Introduction</title>
                <item identifier="70404" identifierref="RES_CONTENT_70404" d2l_2p0:id="2" d2l_2p0:resource_code="23116E12-04C0-4FA6-BDD4-3082E33A4375-36605" description="" completion_type="2">
                    <title>1.1 – Welcome to this course</title>
                </item>
                <item identifier="70405" identifierref="RES_CONTENT_70405" d2l_2p0:id="3" d2l_2p0:resource_code="23116E12-04C0-4FA6-BDD4-3082E33A4375-36606" description="" completion_type="2">
                    <title>1.2 – What you can expect from this course</title>
                </item>
                <item identifier="70408" identifierref="RES_CONTENT_70408" d2l_2p0:id="4" d2l_2p0:resource_code="23116E12-04C0-4FA6-BDD4-3082E33A4375-36609" description="" completion_type="2">
                    <title>1.3 – Why is this important?</title>
                </item>
                <item identifier="70409" identifierref="RES_CONTENT_70409" d2l_2p0:id="5" d2l_2p0:resource_code="23116E12-04C0-4FA6-BDD4-3082E33A4375-36610" description="" completion_type="2">
                    <title>1.4 – How the world is responding</title>
                </item>
            </item>
            <item identifier="70410" identifierref="RES_CONTENT_70410" d2l_2p0:id="6" d2l_2p0:resource_code="23116E12-04C0-4FA6-BDD4-3082E33A4375-38017" description="&lt;p&gt;&lt;img src=&quot;1000_F_506056952_Sxox9TUw5MITCMIf1MSlPYnxvz6rlIVq.jpg&quot; alt=&quot;&quot; title=&quot;&quot; data-d2l-editor-default-img-style=&quot;true&quot; style=&quot;max-width: 100%;&quot;&gt;AI governance implies there should be a legal framework for ensuring that AI technologies are well researched and developed with the goal of helping humanity.&lt;/p&gt;" completion_type="2">
                <title>Module 2: Governance</title>
                <item identifier="70980" identifierref="RES_CONTENT_70980" d2l_2p0:id="7" d2l_2p0:resource_code="23116E12-04C0-4FA6-BDD4-3082E33A4375-36678" description="" completion_type="2">
                    <title>2.1 – What is governance</title>
                </item>
                <item identifier="70991" identifierref="RES_CONTENT_70991" d2l_2p0:id="8" d2l_2p0:resource_code="23116E12-04C0-4FA6-BDD4-3082E33A4375-36771" description="" completion_type="2">
                    <title>2.2 – What does global governance mean</title>
                </item>
                <item identifier="71478" identifierref="RES_CONTENT_71478" d2l_2p0:id="9" d2l_2p0:resource_code="23116E12-04C0-4FA6-BDD4-3082E33A4375-37103" description="" completion_type="2">
                    <title>2.3 – Why should we have global governance about AI</title>
                </item>
            </item>
            <item identifier="71067" identifierref="RES_CONTENT_71067" d2l_2p0:id="10" d2l_2p0:resource_code="23116E12-04C0-4FA6-BDD4-3082E33A4375-38018" description="&lt;p&gt;&lt;img src=&quot;1000_F_532343046_26B0sxWEMYIukY5lFT1J3xEdLcGsTqmb.jpg&quot; alt=&quot;&quot; title=&quot;&quot; data-d2l-editor-default-img-style=&quot;true&quot; style=&quot;max-width: 100%;&quot;&gt;While AI legislation is still in its early stages, there is growing recognition of the need for such legislation to ensure that AI is developed and used in a responsible and ethical manner.&lt;/p&gt;&#xD;&#xA;&lt;p&gt;These efforts have happened both in the public sector and on National and international organizations who have responded to the concerns posed by the twin objective of promoting the uptake of AI and of addressing the risks associated with certain uses of such technology.&lt;/p&gt;&#xD;&#xA;&lt;p&gt;Public Servants should stay informed about the EU AI Act:&lt;/p&gt;&#xD;&#xA;&lt;p&gt;The EU AI Act is a proposed regulation that aims to set standards for the development and use of artificial intelligence within the European Union. It includes guidelines on ethical and transparent AI, as well as requirements for high-risk AI systems.&lt;/p&gt;" completion_type="2">
                <title>Module 3: AI Governance in the world today</title>
                <item identifier="71070" identifierref="RES_CONTENT_71070" d2l_2p0:id="11" d2l_2p0:resource_code="23116E12-04C0-4FA6-BDD4-3082E33A4375-36775" description="" completion_type="2">
                    <title>3.1 – The European Union AI Act</title>
                </item>
                <item identifier="71072" identifierref="RES_CONTENT_71072" d2l_2p0:id="12" d2l_2p0:resource_code="23116E12-04C0-4FA6-BDD4-3082E33A4375-36777" description="" completion_type="2">
                    <title>3.2 – The EU AI Act and how it could impact the global standards</title>
                </item>
                <item identifier="71073" identifierref="RES_CONTENT_71073" d2l_2p0:id="13" d2l_2p0:resource_code="23116E12-04C0-4FA6-BDD4-3082E33A4375-36778" description="" completion_type="2">
                    <title>3.3 Levels of scrutiny on the potential risk of the EU AI system</title>
                </item>
                <item identifier="71074" identifierref="RES_CONTENT_71074" d2l_2p0:id="14" d2l_2p0:resource_code="23116E12-04C0-4FA6-BDD4-3082E33A4375-36779" description="" completion_type="2">
                    <title>3.4 – Conclusion</title>
                </item>
            </item>
            <item identifier="71075" identifierref="RES_CONTENT_71075" d2l_2p0:id="15" d2l_2p0:resource_code="23116E12-04C0-4FA6-BDD4-3082E33A4375-38019" description="&lt;p&gt;&lt;img src=&quot;1000_F_592194320_L6BzhFB4ZXK5Mrk5JGhVldIkMBE0FqRT.jpg&quot; alt=&quot;&quot; title=&quot;&quot; data-d2l-editor-default-img-style=&quot;true&quot; style=&quot;max-width: 100%;&quot;&gt;This learning objectives for this training were:&lt;/p&gt;&#xD;&#xA;&lt;ul&gt;&#xD;&#xA;&lt;li&gt;Uncover what governance means in the world of AI.&lt;/li&gt;&#xD;&#xA;&lt;li&gt;Have a look at why global governance is essential when it comes to AI.&lt;/li&gt;&#xD;&#xA;&lt;li&gt;Take a journey through the most important AI guidelines and what the next steps will be.&lt;/li&gt;&#xD;&#xA;&lt;li&gt;Visit the AI Act website and subscribe to the “Up to date developments and analyses” newsletter.&lt;/li&gt;&#xD;&#xA;&lt;/ul&gt;&#xD;&#xA;&lt;p&gt;Let's review the content with a Knowledge check. In the following pages you will answer 3 multiple choice questions.&lt;/p&gt;" completion_type="2">
                <title>Module 4: Knowledge check</title>
                <item identifier="71475" identifierref="RES_CONTENT_71475" d2l_2p0:id="16" isvisible="False" d2l_2p0:resource_code="23116E12-04C0-4FA6-BDD4-3082E33A4375-38020" description="" completion_type="2" resource_type_key="D2L.LE.Quizzing.Quiz">
                    <title>Knowledge check</title>
                </item>
                <item identifier="72534" identifierref="RES_CONTENT_72534" d2l_2p0:id="17" d2l_2p0:resource_code="23116E12-04C0-4FA6-BDD4-3082E33A4375-38021" description="" completion_type="2" resource_type_key="D2L.LE.Survey.Survey">
                    <title>Survey for Learners</title>
                </item>
            </item>
        </organization>
    </organizations>
    <resources>
        <resource identifier="RES_CONTENT_70403" type="webcontent" d2l_2p0:material_type="contentmodule" d2l_2p0:link_target="" href="" title="" />
        <resource identifier="RES_CONTENT_70404" type="webcontent" d2l_2p0:material_type="content" d2l_2p0:link_target="" href="1.1 – Welcome to this course.html" title="" />
        <resource identifier="RES_CONTENT_70405" type="webcontent" d2l_2p0:material_type="content" d2l_2p0:link_target="" href="1.2 - What you can expect from this course .html" title="" />
        <resource identifier="RES_CONTENT_70408" type="webcontent" d2l_2p0:material_type="content" d2l_2p0:link_target="" href="1.3 – Why is this important .html" title="" />
        <resource identifier="RES_CONTENT_70409" type="webcontent" d2l_2p0:material_type="content" d2l_2p0:link_target="" href="1.4 – How the world is responding .html" title="" />
        <resource identifier="RES_CONTENT_70410" type="webcontent" d2l_2p0:material_type="contentmodule" d2l_2p0:link_target="" href="" title="" />
        <resource identifier="RES_CONTENT_70980" type="webcontent" d2l_2p0:material_type="content" d2l_2p0:link_target="" href="2.1 What is governance\What is governance.html" title="" />
        <resource identifier="RES_CONTENT_70991" type="webcontent" d2l_2p0:material_type="content" d2l_2p0:link_target="" href="What does global governance mean.html" title="" />
        <resource identifier="RES_CONTENT_71478" type="webcontent" d2l_2p0:material_type="content" d2l_2p0:link_target="" href="2.3 – Why should we have global governance about AI.html" title="" />
        <resource identifier="RES_CONTENT_71067" type="webcontent" d2l_2p0:material_type="contentmodule" d2l_2p0:link_target="" href="" title="" />
        <resource identifier="RES_CONTENT_71070" type="webcontent" d2l_2p0:material_type="content" d2l_2p0:link_target="" href="3.1 – The AI Act.html" title="" />
        <resource identifier="RES_CONTENT_71072" type="webcontent" d2l_2p0:material_type="content" d2l_2p0:link_target="" href="3.2 The AI Act and how it could impact the global standards.html" title="" />
        <resource identifier="RES_CONTENT_71073" type="webcontent" d2l_2p0:material_type="content" d2l_2p0:link_target="" href="3.3 Levels of scrutiny on the potential risk of the AI system.html" title="" />
        <resource identifier="RES_CONTENT_71074" type="webcontent" d2l_2p0:material_type="content" d2l_2p0:link_target="" href="3.4 Conclusion.html" title="" />
        <resource identifier="RES_CONTENT_71075" type="webcontent" d2l_2p0:material_type="contentmodule" d2l_2p0:link_target="" href="" title="" />
        <resource identifier="RES_CONTENT_71475" type="webcontent" d2l_2p0:material_type="contentlink" d2l_2p0:link_target="" href="/d2l/common/dialogs/quickLink/quickLink.d2l?ou={orgUnitId}&amp;type=quiz&amp;rcode=23116E12-04C0-4FA6-BDD4-3082E33A4375-37101" title="" />
        <resource identifier="RES_CONTENT_72534" type="webcontent" d2l_2p0:material_type="contentlink" d2l_2p0:link_target="" href="/d2l/common/dialogs/quickLink/quickLink.d2l?ou={orgUnitId}&amp;type=survey&amp;rCode=23116E12-04C0-4FA6-BDD4-3082E33A4375-30324" title="" />
        <resource identifier="res_syllabus" type="webcontent" d2l_2p0:material_type="d2lsyllabus" d2l_2p0:link_target="" href="syllabus_d2l.xml" title="" />
        <resource identifier="res_quiz_4194" type="webcontent" d2l_2p0:material_type="d2lquiz" d2l_2p0:link_target="" href="quiz_d2l_4194.xml" title="Knowledge check" />
        <resource identifier="res_survey_4245" type="webcontent" d2l_2p0:material_type="d2lsurvey" d2l_2p0:link_target="" href="survey_d2l_4245.xml" title="Feedback Survey" />
        <resource identifier="res_survey_4246" type="webcontent" d2l_2p0:material_type="d2lsurvey" d2l_2p0:link_target="" href="survey_d2l_4246.xml" title="Survey for Learners" />
        <resource identifier="res_survey_4247" type="webcontent" d2l_2p0:material_type="d2lsurvey" d2l_2p0:link_target="" href="survey_d2l_4247.xml" title="Survey for SMEs" />
        <resource identifier="res_courseimage" type="webcontent" d2l_2p0:material_type="d2lcourseimage" d2l_2p0:link_target="" href="courseimage_d2l.xml" title="" />
    </resources>
</manifest>