﻿<?xml version="1.0" encoding="UTF-8"?><questestinterop xmlns:d2l_2p0="http://desire2learn.com/xsd/d2lcp_v2p0"><assessment d2l_2p0:id="18" title="Knowledge check" ident="res_quiz_4194" d2l_2p0:resource_code="23116E12-04C0-4FA6-BDD4-3082E33A4375-37101"><rubric><flow_mat><material><mattext d2l_2p0:isdisplayed="yes" texttype="text/html">&lt;p&gt;In the following pages, you will be invited to complete a Knowledge Check. You will be required to answer 3 multiple answer questions. This knowledge check aims to ensure that learners have acquired the necessary knowledge and the training has met the 3 learning objectives.&lt;/p&gt;</mattext></material></flow_mat></rubric><assessmentcontrol hintswitch="no" solutionswitch="yes" feedbackswitch="no" /><presentation_material><flow_mat><material label="page header"><mattext d2l_2p0:isdisplayed="no" texttype="text/html" /></material><material label="page footer"><mattext d2l_2p0:isdisplayed="no" texttype="text/html" /></material></flow_mat></presentation_material><assess_procextension><d2l_2p0:intro_message d2l_2p0:isdisplayed="no" texttype="text/html" /><d2l_2p0:disable_right_click>no</d2l_2p0:disable_right_click><d2l_2p0:disable_pager_access>yes</d2l_2p0:disable_pager_access><is_active>yes</is_active><d2l_2p0:date_start /><d2l_2p0:date_end /><d2l_2p0:date_due /><d2l_2p0:has_schedule_event>no</d2l_2p0:has_schedule_event><d2l_2p0:is_attempt_Rldb>no</d2l_2p0:is_attempt_Rldb><d2l_2p0:is_subview_Rldb>no</d2l_2p0:is_subview_Rldb><d2l_2p0:time_limit>0</d2l_2p0:time_limit><d2l_2p0:show_clock>no</d2l_2p0:show_clock><d2l_2p0:enforce_time_limit>no</d2l_2p0:enforce_time_limit><d2l_2p0:quiz_start_type>no</d2l_2p0:quiz_start_type><d2l_2p0:grace_period>5</d2l_2p0:grace_period><d2l_2p0:late_limit>0</d2l_2p0:late_limit><d2l_2p0:attempts_allowed>0</d2l_2p0:attempts_allowed><d2l_2p0:attempt_restrictions /><d2l_2p0:mark_calculation_type>1</d2l_2p0:mark_calculation_type><d2l_2p0:is_forward_only>no</d2l_2p0:is_forward_only></assess_procextension><assessfeedback title=""><rubric><flow_mat><material><mattext texttype="yes" /></material></flow_mat></rubric><d2l_2p0:duration>0</d2l_2p0:duration><d2l_2p0:response_display_type_id>5</d2l_2p0:response_display_type_id><d2l_2p0:show_correct_answers>yes</d2l_2p0:show_correct_answers><d2l_2p0:submission_restrictip>no</d2l_2p0:submission_restrictip><d2l_2p0:show_class_average>no</d2l_2p0:show_class_average><d2l_2p0:show_score_distribution>no</d2l_2p0:show_score_distribution></assessfeedback><section ident="CONTAINER_SECTION"><item ident="OBJ_45087" label="QUES_13600_19471" d2l_2p0:page="1"><itemmetadata><qtimetadata><qti_metadatafield><fieldlabel>qmd_computerscored</fieldlabel><fieldentry>yes</fieldentry></qti_metadatafield><qti_metadatafield><fieldlabel>qmd_questiontype</fieldlabel><fieldentry>Multi-Select</fieldentry></qti_metadatafield><qti_metadatafield><fieldlabel>qmd_weighting</fieldlabel><fieldentry>1.000000000</fieldentry></qti_metadatafield><qti_metadatafield><fieldlabel>qmd_globalid</fieldlabel><fieldentry>760d702f-e641-415c-b7d6-d760ddb4d81b</fieldentry></qti_metadatafield><qti_metadatafield><fieldlabel>qmd_displayid</fieldlabel><fieldentry>DDN248-DEV-EN-3</fieldentry></qti_metadatafield></qtimetadata></itemmetadata><itemproc_extension><d2l_2p0:difficulty>1</d2l_2p0:difficulty><d2l_2p0:isbonus>no</d2l_2p0:isbonus><d2l_2p0:ismandatory>no</d2l_2p0:ismandatory></itemproc_extension><presentation><flow><material><mattext texttype="text/html">&lt;p&gt;&lt;span lang="EN-CA"&gt;Which of the following is included in the definition of governance, as it relates to entities and organizations?&lt;/span&gt;&lt;span&gt;&amp;#160;&lt;/span&gt;&lt;/p&gt;</mattext></material><response_extension><d2l_2p0:display_style>2</d2l_2p0:display_style><d2l_2p0:enumeration>6</d2l_2p0:enumeration><d2l_2p0:grading_type>0</d2l_2p0:grading_type></response_extension><response_lid ident="QUES_13600_19471_LID" rcardinality="Multiple"><render_choice shuffle="no"><flow_label class="Block"><response_label ident="QUES_13600_19471_A75642"><flow_mat><material><mattext texttype="text/html">&lt;p&gt;&lt;span lang="EN-CA"&gt;Structure and processes for decision making&lt;/span&gt;&lt;/p&gt;</mattext></material></flow_mat></response_label></flow_label><flow_label class="Block"><response_label ident="QUES_13600_19471_A75643"><flow_mat><material><mattext texttype="text/html">&lt;p&gt;&lt;span style="list-style-type: upper-alpha;" lang="EN-CA"&gt;Financial performance metrics&lt;/span&gt;&lt;/p&gt;</mattext></material></flow_mat></response_label></flow_label><flow_label class="Block"><response_label ident="QUES_13600_19471_A75644"><flow_mat><material><mattext texttype="text/html">&lt;p&gt;&lt;span style="list-style-type: upper-alpha;" lang="EN-CA"&gt;Marketing strategies&lt;/span&gt;&lt;/p&gt;</mattext></material></flow_mat></response_label></flow_label><flow_label class="Block"><response_label ident="QUES_13600_19471_A75645"><flow_mat><material><mattext texttype="text/html">&lt;p&gt;&lt;span style="list-style-type: upper-alpha;" lang="EN-CA"&gt;Accountability&lt;/span&gt;&lt;/p&gt;</mattext></material></flow_mat></response_label></flow_label><flow_label class="Block"><response_label ident="QUES_13600_19471_A75646"><flow_mat><material><mattext texttype="text/html">&lt;p&gt;&lt;span lang="EN-CA"&gt;Employee benefits&lt;/span&gt;&lt;span&gt;&amp;#160;&lt;/span&gt;&lt;/p&gt;</mattext></material></flow_mat></response_label></flow_label></render_choice></response_lid></flow></presentation><resprocessing><outcomes><decvar vartype="Integer" defaultval="0" /></outcomes><respcondition title="Scoring for the correct answers" continue="yes"><conditionvar><varequal respident="QUES_13600_19471_LID">QUES_13600_19471_A75642</varequal><varequal respident="QUES_13600_19471_LID">QUES_13600_19471_A75645</varequal><not><varequal respident="QUES_13600_19471_LID">QUES_13600_19471_A75643</varequal><varequal respident="QUES_13600_19471_LID">QUES_13600_19471_A75644</varequal><varequal respident="QUES_13600_19471_LID">QUES_13600_19471_A75646</varequal></not></conditionvar><setvar action="Add">1</setvar></respcondition><respcondition title="Scoring for the incorrect answers" continue="no"><conditionvar><and><not><varequal respident="QUES_13600_19471_LID">QUES_13600_19471_A75642</varequal><varequal respident="QUES_13600_19471_LID">QUES_13600_19471_A75645</varequal><not><varequal respident="QUES_13600_19471_LID">QUES_13600_19471_A75643</varequal><varequal respident="QUES_13600_19471_LID">QUES_13600_19471_A75644</varequal><varequal respident="QUES_13600_19471_LID">QUES_13600_19471_A75646</varequal></not></not></and></conditionvar><setvar action="Add">0</setvar></respcondition></resprocessing><itemfeedback ident="QUES_13600_19471_IF75642"><material><mattext texttype="text/plain" /></material></itemfeedback><itemfeedback ident="QUES_13600_19471_IF75643"><material><mattext texttype="text/plain" /></material></itemfeedback><itemfeedback ident="QUES_13600_19471_IF75644"><material><mattext texttype="text/plain" /></material></itemfeedback><itemfeedback ident="QUES_13600_19471_IF75645"><material><mattext texttype="text/plain" /></material></itemfeedback><itemfeedback ident="QUES_13600_19471_IF75646"><material><mattext texttype="text/plain" /></material></itemfeedback></item><item ident="OBJ_45084" label="QUES_13597_19472" d2l_2p0:page="1"><itemmetadata><qtimetadata><qti_metadatafield><fieldlabel>qmd_computerscored</fieldlabel><fieldentry>yes</fieldentry></qti_metadatafield><qti_metadatafield><fieldlabel>qmd_questiontype</fieldlabel><fieldentry>Multiple Choice</fieldentry></qti_metadatafield><qti_metadatafield><fieldlabel>qmd_weighting</fieldlabel><fieldentry>1.000000000</fieldentry></qti_metadatafield><qti_metadatafield><fieldlabel>qmd_globalid</fieldlabel><fieldentry>aaebc1dc-d771-4f7a-8402-665bec2680d4</fieldentry></qti_metadatafield><qti_metadatafield><fieldlabel>qmd_displayid</fieldlabel><fieldentry>DDN248-DEV-EN-2</fieldentry></qti_metadatafield></qtimetadata></itemmetadata><itemproc_extension><d2l_2p0:difficulty>1</d2l_2p0:difficulty><d2l_2p0:isbonus>no</d2l_2p0:isbonus><d2l_2p0:ismandatory>no</d2l_2p0:ismandatory></itemproc_extension><presentation><flow><material><mattext texttype="text/html">&lt;p&gt;&lt;span lang="EN-CA"&gt;Global governance involves decisions that transcend boundaries. The resolutions are intended for the international, transnational, and regional levels. These decisions are based on rights and rules that are enforced through a combination of economic and moral incentives. &lt;/span&gt;&lt;span&gt;&amp;#160;&lt;/span&gt; &lt;br/&gt;&lt;br/&gt;&lt;span lang="EN-CA"&gt;Which of the following issues is an example of a problem that global governance can address?&lt;/span&gt;&lt;span&gt;&amp;#160;&lt;/span&gt;&amp;#160;&lt;/p&gt;</mattext></material><response_extension><d2l_2p0:display_style>2</d2l_2p0:display_style><d2l_2p0:enumeration>6</d2l_2p0:enumeration><d2l_2p0:grading_type>0</d2l_2p0:grading_type></response_extension><response_lid ident="QUES_13597_19472_LID" rcardinality="Single"><render_choice shuffle="no"><flow_label class="Block"><response_label ident="QUES_13597_19472_A75647"><flow_mat><material><mattext texttype="text/html">&lt;p&gt;&lt;span style="list-style-type: upper-alpha;" lang="EN-CA"&gt;National border security&lt;/span&gt;&lt;/p&gt;</mattext></material></flow_mat></response_label></flow_label><flow_label class="Block"><response_label ident="QUES_13597_19472_A75648"><flow_mat><material><mattext texttype="text/html">&lt;p&gt;&lt;span style="list-style-type: upper-alpha;" lang="EN-CA"&gt;Domestic economic policies&lt;/span&gt;&lt;/p&gt;</mattext></material></flow_mat></response_label></flow_label><flow_label class="Block"><response_label ident="QUES_13597_19472_A75649"><flow_mat><material><mattext texttype="text/html">&lt;p&gt;&lt;span style="list-style-type: upper-alpha;" lang="EN-CA"&gt;Local infrastructure development&lt;/span&gt;&lt;/p&gt;</mattext></material></flow_mat></response_label></flow_label><flow_label class="Block"><response_label ident="QUES_13597_19472_A75650"><flow_mat><material><mattext texttype="text/html">&lt;p&gt;&lt;span style="list-style-type: upper-alpha;" lang="EN-CA"&gt;Climate change&lt;/span&gt;&lt;/p&gt;</mattext></material></flow_mat></response_label></flow_label></render_choice></response_lid></flow></presentation><resprocessing><respcondition title="Response Condition 1"><conditionvar><varequal respident="QUES_13597_19472_LID">QUES_13597_19472_A75647</varequal></conditionvar><setvar action="Set">0.000000000</setvar><displayfeedback feedbacktype="Response" linkrefid="QUES_13597_19472_IF75647" /></respcondition><respcondition title="Response Condition 2"><conditionvar><varequal respident="QUES_13597_19472_LID">QUES_13597_19472_A75648</varequal></conditionvar><setvar action="Set">0.000000000</setvar><displayfeedback feedbacktype="Response" linkrefid="QUES_13597_19472_IF75648" /></respcondition><respcondition title="Response Condition 3"><conditionvar><varequal respident="QUES_13597_19472_LID">QUES_13597_19472_A75649</varequal></conditionvar><setvar action="Set">0.000000000</setvar><displayfeedback feedbacktype="Response" linkrefid="QUES_13597_19472_IF75649" /></respcondition><respcondition title="Response Condition 4"><conditionvar><varequal respident="QUES_13597_19472_LID">QUES_13597_19472_A75650</varequal></conditionvar><setvar action="Set">100.000000000</setvar><displayfeedback feedbacktype="Response" linkrefid="QUES_13597_19472_IF75650" /></respcondition></resprocessing><itemfeedback ident="QUES_13597_19472_IF75647"><material><mattext texttype="text/plain" /></material></itemfeedback><itemfeedback ident="QUES_13597_19472_IF75648"><material><mattext texttype="text/plain" /></material></itemfeedback><itemfeedback ident="QUES_13597_19472_IF75649"><material><mattext texttype="text/plain" /></material></itemfeedback><itemfeedback ident="QUES_13597_19472_IF75650"><material><mattext texttype="text/plain" /></material></itemfeedback></item><item ident="OBJ_45083" label="QUES_13596_19473" d2l_2p0:page="1"><itemmetadata><qtimetadata><qti_metadatafield><fieldlabel>qmd_computerscored</fieldlabel><fieldentry>yes</fieldentry></qti_metadatafield><qti_metadatafield><fieldlabel>qmd_questiontype</fieldlabel><fieldentry>Multiple Choice</fieldentry></qti_metadatafield><qti_metadatafield><fieldlabel>qmd_weighting</fieldlabel><fieldentry>1.000000000</fieldentry></qti_metadatafield><qti_metadatafield><fieldlabel>qmd_globalid</fieldlabel><fieldentry>79adcbcb-a430-44e3-be33-393606f84566</fieldentry></qti_metadatafield><qti_metadatafield><fieldlabel>qmd_displayid</fieldlabel><fieldentry>DDN248-DEV-EN-1</fieldentry></qti_metadatafield></qtimetadata></itemmetadata><itemproc_extension><d2l_2p0:difficulty>1</d2l_2p0:difficulty><d2l_2p0:isbonus>no</d2l_2p0:isbonus><d2l_2p0:ismandatory>no</d2l_2p0:ismandatory></itemproc_extension><presentation><flow><material><mattext texttype="text/html">&lt;p&gt;&lt;span lang="EN-CA"&gt;What are some potential impacts of the EU AI Act on global standards for AI?&lt;/span&gt;&lt;/p&gt;</mattext></material><response_extension><d2l_2p0:display_style>2</d2l_2p0:display_style><d2l_2p0:enumeration>6</d2l_2p0:enumeration><d2l_2p0:grading_type>0</d2l_2p0:grading_type></response_extension><response_lid ident="QUES_13596_19473_LID" rcardinality="Single"><render_choice shuffle="no"><flow_label class="Block"><response_label ident="QUES_13596_19473_A75651"><flow_mat><material><mattext texttype="text/html">&lt;p&gt;&lt;span style="list-style-type: disc;" lang="EN-CA"&gt;The act could discourage other countries from regulating AI&lt;/span&gt;&lt;/p&gt;</mattext></material></flow_mat></response_label></flow_label><flow_label class="Block"><response_label ident="QUES_13596_19473_A75652"><flow_mat><material><mattext texttype="text/html">&lt;p&gt;&lt;span style="list-style-type: disc;" lang="EN-CA"&gt;The act could encourage competition among countries to develop the most advanced AI &lt;/span&gt;&lt;/p&gt;</mattext></material></flow_mat></response_label></flow_label><flow_label class="Block"><response_label ident="QUES_13596_19473_A75653"><flow_mat><material><mattext texttype="text/html">&lt;p&gt;&lt;span style="list-style-type: disc;" lang="EN-CA"&gt;The act could set a precedent for AI regulation and encourage international cooperation on AI governance and ethical considerations &lt;/span&gt;&lt;/p&gt;</mattext></material></flow_mat></response_label></flow_label><flow_label class="Block"><response_label ident="QUES_13596_19473_A75654"><flow_mat><material><mattext texttype="text/html">&lt;p&gt;&lt;span lang="EN-CA"&gt;The act could prioritize economic considerations over ethical considerations in AI development and use&lt;/span&gt;&lt;span&gt;&amp;#160;&lt;/span&gt;&lt;/p&gt;</mattext></material></flow_mat></response_label></flow_label></render_choice></response_lid></flow></presentation><resprocessing><respcondition title="Response Condition 1"><conditionvar><varequal respident="QUES_13596_19473_LID">QUES_13596_19473_A75651</varequal></conditionvar><setvar action="Set">0.000000000</setvar><displayfeedback feedbacktype="Response" linkrefid="QUES_13596_19473_IF75651" /></respcondition><respcondition title="Response Condition 2"><conditionvar><varequal respident="QUES_13596_19473_LID">QUES_13596_19473_A75652</varequal></conditionvar><setvar action="Set">0.000000000</setvar><displayfeedback feedbacktype="Response" linkrefid="QUES_13596_19473_IF75652" /></respcondition><respcondition title="Response Condition 3"><conditionvar><varequal respident="QUES_13596_19473_LID">QUES_13596_19473_A75653</varequal></conditionvar><setvar action="Set">100.000000000</setvar><displayfeedback feedbacktype="Response" linkrefid="QUES_13596_19473_IF75653" /></respcondition><respcondition title="Response Condition 4"><conditionvar><varequal respident="QUES_13596_19473_LID">QUES_13596_19473_A75654</varequal></conditionvar><setvar action="Set">0.000000000</setvar><displayfeedback feedbacktype="Response" linkrefid="QUES_13596_19473_IF75654" /></respcondition></resprocessing><itemfeedback ident="QUES_13596_19473_IF75651"><material><mattext texttype="text/plain" /></material></itemfeedback><itemfeedback ident="QUES_13596_19473_IF75652"><material><mattext texttype="text/plain" /></material></itemfeedback><itemfeedback ident="QUES_13596_19473_IF75653"><material><mattext texttype="text/plain" /></material></itemfeedback><itemfeedback ident="QUES_13596_19473_IF75654"><material><mattext texttype="text/plain" /></material></itemfeedback></item></section></assessment></questestinterop>