﻿<?xml version="1.0" encoding="UTF-8"?><questestinterop xmlns:d2l_2p0="http://desire2learn.com/xsd/d2lcp_v2p0"><assessment d2l_2p0:id="19" title="Feedback Survey" ident="res_survey_4245" d2l_2p0:resource_code="23116E12-04C0-4FA6-BDD4-3082E33A4375-33143"><rubric><flow_mat><material><mattext d2l_2p0:isdisplayed="yes" texttype="text/html" /></material></flow_mat></rubric><assessmentcontrol hintswitch="no" solutionswitch="no" feedbackswitch="no" /><presentation_material><flow_mat><material label="page footer"><mattext d2l_2p0:isdisplayed="no" texttype="text/html" /></material></flow_mat></presentation_material><assess_procextension><d2l_2p0:submission_message texttype="text/html" /><d2l_2p0:anonymous>no</d2l_2p0:anonymous><d2l_2p0:instant_feedback>no</d2l_2p0:instant_feedback><is_active>yes</is_active><d2l_2p0:date_start /><d2l_2p0:date_end /><d2l_2p0:has_schedule_event>no</d2l_2p0:has_schedule_event><d2l_2p0:attempts_allowed>unlimited</d2l_2p0:attempts_allowed><d2l_2p0:is_forward_only>no</d2l_2p0:is_forward_only></assess_procextension><d2l_2p0:report title="DDN236 Alpha Testing Feedback Survey - Report"><d2l_2p0:report_type>4</d2l_2p0:report_type><d2l_2p0:show_aggregate_data>yes</d2l_2p0:show_aggregate_data><d2l_2p0:show_textresponses>yes</d2l_2p0:show_textresponses><d2l_2p0:show_signed_comments>no</d2l_2p0:show_signed_comments><d2l_2p0:show_unsigned_comments>no</d2l_2p0:show_unsigned_comments><d2l_2p0:hide_user_info>no</d2l_2p0:hide_user_info><d2l_2p0:report_roles><d2l_2p0:role ident="105">Super Administrator - Super administrateur</d2l_2p0:role><d2l_2p0:role ident="106">Administrator - Administrateur</d2l_2p0:role><d2l_2p0:role ident="117">Super Designer - Super concepteur</d2l_2p0:role></d2l_2p0:report_roles></d2l_2p0:report><section ident="CONTAINER_SECTION"><item ident="OBJ_45492" label="QUES_12768_19583" d2l_2p0:page="1"><itemmetadata><qtimetadata><qti_metadatafield><fieldlabel>qmd_computerscored</fieldlabel><fieldentry>yes</fieldentry></qti_metadatafield><qti_metadatafield><fieldlabel>qmd_questiontype</fieldlabel><fieldentry>Multiple Choice</fieldentry></qti_metadatafield><qti_metadatafield><fieldlabel>qmd_globalid</fieldlabel><fieldentry>982c0282-5a95-4a72-9e9e-3862ea7197c6</fieldentry></qti_metadatafield><qti_metadatafield><fieldlabel>qmd_displayid</fieldlabel><fieldentry>DDN236-DEV-EN-40</fieldentry></qti_metadatafield></qtimetadata></itemmetadata><itemproc_extension><d2l_2p0:difficulty>1</d2l_2p0:difficulty><d2l_2p0:isbonus>no</d2l_2p0:isbonus><d2l_2p0:ismandatory>no</d2l_2p0:ismandatory></itemproc_extension><presentation><flow><material><mattext texttype="text/html">&lt;p&gt;How long did it take you to finish the course?&lt;/p&gt;</mattext></material><response_extension><d2l_2p0:display_style>2</d2l_2p0:display_style><d2l_2p0:enumeration>6</d2l_2p0:enumeration><d2l_2p0:grading_type>0</d2l_2p0:grading_type></response_extension><response_lid ident="QUES_12768_19583_LID" rcardinality="Single"><render_choice shuffle="no"><flow_label class="Block"><response_label ident="QUES_12768_19583_A76039"><flow_mat><material><mattext texttype="text/html">&lt;p&gt;between 15 to 30 minutes&lt;/p&gt;</mattext></material></flow_mat></response_label></flow_label><flow_label class="Block"><response_label ident="QUES_12768_19583_A76040"><flow_mat><material><mattext texttype="text/html">&lt;p&gt;between 30 to 60 minutes&lt;/p&gt;</mattext></material></flow_mat></response_label></flow_label><flow_label class="Block"><response_label ident="QUES_12768_19583_A76041"><flow_mat><material><mattext texttype="text/html">&lt;p&gt;more than 60 minutes&lt;/p&gt;</mattext></material></flow_mat></response_label></flow_label></render_choice></response_lid></flow></presentation><resprocessing><respcondition title="Response Condition 1"><conditionvar><varequal respident="QUES_12768_19583_LID">QUES_12768_19583_A76039</varequal></conditionvar><setvar action="Set">0.000000000</setvar><displayfeedback feedbacktype="Response" linkrefid="QUES_12768_19583_IF76039" /></respcondition><respcondition title="Response Condition 2"><conditionvar><varequal respident="QUES_12768_19583_LID">QUES_12768_19583_A76040</varequal></conditionvar><setvar action="Set">0.000000000</setvar><displayfeedback feedbacktype="Response" linkrefid="QUES_12768_19583_IF76040" /></respcondition><respcondition title="Response Condition 3"><conditionvar><varequal respident="QUES_12768_19583_LID">QUES_12768_19583_A76041</varequal></conditionvar><setvar action="Set">0.000000000</setvar><displayfeedback feedbacktype="Response" linkrefid="QUES_12768_19583_IF76041" /></respcondition></resprocessing><itemfeedback ident="QUES_12768_19583_IF76039"><material><mattext texttype="text/plain" /></material></itemfeedback><itemfeedback ident="QUES_12768_19583_IF76040"><material><mattext texttype="text/plain" /></material></itemfeedback><itemfeedback ident="QUES_12768_19583_IF76041"><material><mattext texttype="text/plain" /></material></itemfeedback></item><item ident="OBJ_45493" label="QUES_12769_18184" d2l_2p0:page="1"><itemmetadata><qtimetadata><qti_metadatafield><fieldlabel>qmd_computerscored</fieldlabel><fieldentry>yes</fieldentry></qti_metadatafield><qti_metadatafield><fieldlabel>qmd_questiontype</fieldlabel><fieldentry>Multiple Choice</fieldentry></qti_metadatafield><qti_metadatafield><fieldlabel>qmd_globalid</fieldlabel><fieldentry>7a4b17a1-9738-4d54-b08f-4fc2fc1656a7</fieldentry></qti_metadatafield><qti_metadatafield><fieldlabel>qmd_displayid</fieldlabel><fieldentry>DDN236-DEV-EN-47</fieldentry></qti_metadatafield></qtimetadata></itemmetadata><itemproc_extension><d2l_2p0:difficulty>1</d2l_2p0:difficulty><d2l_2p0:isbonus>no</d2l_2p0:isbonus><d2l_2p0:ismandatory>no</d2l_2p0:ismandatory></itemproc_extension><presentation><flow><material><mattext texttype="text/html">&lt;p&gt;I am a&amp;#160;&lt;/p&gt;</mattext></material><response_extension><d2l_2p0:display_style>2</d2l_2p0:display_style><d2l_2p0:enumeration>6</d2l_2p0:enumeration><d2l_2p0:grading_type>0</d2l_2p0:grading_type></response_extension><response_lid ident="QUES_12769_18184_LID" rcardinality="Single"><render_choice shuffle="no"><flow_label class="Block"><response_label ident="QUES_12769_18184_A71142"><flow_mat><material><mattext texttype="text/html">&lt;p&gt;learner&lt;/p&gt;</mattext></material></flow_mat></response_label></flow_label><flow_label class="Block"><response_label ident="QUES_12769_18184_A71143"><flow_mat><material><mattext texttype="text/html">&lt;p&gt;subject-matter expert&lt;/p&gt;</mattext></material></flow_mat></response_label></flow_label></render_choice></response_lid></flow></presentation><resprocessing><respcondition title="Response Condition 1"><conditionvar><varequal respident="QUES_12769_18184_LID">QUES_12769_18184_A71142</varequal></conditionvar><setvar action="Set">0.000000000</setvar><displayfeedback feedbacktype="Response" linkrefid="QUES_12769_18184_IF71142" /></respcondition><respcondition title="Response Condition 2"><conditionvar><varequal respident="QUES_12769_18184_LID">QUES_12769_18184_A71143</varequal></conditionvar><setvar action="Set">0.000000000</setvar><displayfeedback feedbacktype="Response" linkrefid="QUES_12769_18184_IF71143" /></respcondition></resprocessing><itemfeedback ident="QUES_12769_18184_IF71142"><material><mattext texttype="text/plain" /></material></itemfeedback><itemfeedback ident="QUES_12769_18184_IF71143"><material><mattext texttype="text/plain" /></material></itemfeedback></item><item ident="OBJ_45487" label="QUES_12763_19590" d2l_2p0:page="1" title="The content met my expectations"><itemmetadata><qtimetadata><qti_metadatafield><fieldlabel>qmd_computerscored</fieldlabel><fieldentry>yes</fieldentry></qti_metadatafield><qti_metadatafield><fieldlabel>qmd_questiontype</fieldlabel><fieldentry>Likert</fieldentry></qti_metadatafield><qti_metadatafield><fieldlabel>qmd_globalid</fieldlabel><fieldentry>1a35f142-2fd4-4a8e-9e14-81ce6dff74d9</fieldentry></qti_metadatafield><qti_metadatafield><fieldlabel>qmd_displayid</fieldlabel><fieldentry>DDN236-DEV-EN-32</fieldentry></qti_metadatafield></qtimetadata></itemmetadata><itemproc_extension><d2l_2p0:difficulty>1</d2l_2p0:difficulty><d2l_2p0:isbonus>no</d2l_2p0:isbonus><d2l_2p0:ismandatory>no</d2l_2p0:ismandatory></itemproc_extension><presentation><flow><material><mattext texttype="text/html">&lt;p&gt;&lt;span lang="EN-US"&gt;&amp;#160;From 1 to 10, provide your score on the following statements:&lt;/span&gt;&lt;/p&gt;</mattext></material><d2l_2p0:scale>17</d2l_2p0:scale><response_grp respident="QUES_12763_19590_R" rcardinality="Single"><render_choice shuffle="no"><flow_label class="Block"><response_label ident="QUES_12763_19590_A76064"><flow_mat><material><mattext texttype="text/html">&lt;p&gt;The language is plain.&lt;/p&gt;</mattext></material></flow_mat></response_label><response_label ident="QUES_12763_19590_A76065"><flow_mat><material><mattext texttype="text/html">&lt;p&gt;The visuals supported my learning.&lt;/p&gt;</mattext></material></flow_mat></response_label><response_label ident="QUES_12763_19590_A76066"><flow_mat><material><mattext texttype="text/html">&lt;p&gt;The content provided enough context to complete the activities and knowledge check.&lt;/p&gt;</mattext></material></flow_mat></response_label><response_label ident="QUES_12763_19590_A76067"><flow_mat><material><mattext texttype="text/html">&lt;p&gt;The course met my expectations.&lt;/p&gt;</mattext></material></flow_mat></response_label><response_label ident="QUES_12763_19590_A76068"><flow_mat><material><mattext texttype="text/html">&lt;p&gt;The presentation mode (text, video, images, activities, quizzes) was diverse and met my learning style.&lt;/p&gt;</mattext></material></flow_mat></response_label></flow_label></render_choice></response_grp></flow></presentation></item><item ident="OBJ_45488" label="QUES_12764_19589" d2l_2p0:page="1" title="Objectives"><itemmetadata><qtimetadata><qti_metadatafield><fieldlabel>qmd_computerscored</fieldlabel><fieldentry>yes</fieldentry></qti_metadatafield><qti_metadatafield><fieldlabel>qmd_questiontype</fieldlabel><fieldentry>Likert</fieldentry></qti_metadatafield><qti_metadatafield><fieldlabel>qmd_globalid</fieldlabel><fieldentry>24dfb157-4e83-4512-9ae6-be05e8d8ad96</fieldentry></qti_metadatafield><qti_metadatafield><fieldlabel>qmd_displayid</fieldlabel><fieldentry>DDN236-DEV-EN-34</fieldentry></qti_metadatafield></qtimetadata></itemmetadata><itemproc_extension><d2l_2p0:difficulty>1</d2l_2p0:difficulty><d2l_2p0:isbonus>no</d2l_2p0:isbonus><d2l_2p0:ismandatory>no</d2l_2p0:ismandatory></itemproc_extension><presentation><flow><material><mattext texttype="text/html">&lt;p&gt;From 1 to 10, provide your score on the following statements concerning the learning objectives:&lt;/p&gt;</mattext></material><d2l_2p0:scale>16</d2l_2p0:scale><response_grp respident="QUES_12764_19589_R" rcardinality="Single"><render_choice shuffle="no"><flow_label class="Block"><response_label ident="QUES_12764_19589_A76062"><flow_mat><material><mattext texttype="text/html">&lt;p&gt;The learning objectives are clearly stated.&lt;/p&gt;</mattext></material></flow_mat></response_label><response_label ident="QUES_12764_19589_A76063"><flow_mat><material><mattext texttype="text/html">&lt;p&gt;The objectives are met through content and activities.&lt;/p&gt;</mattext></material></flow_mat></response_label></flow_label></render_choice></response_grp></flow></presentation></item><item ident="OBJ_45489" label="QUES_12765_19587" d2l_2p0:page="1" title="Learning"><itemmetadata><qtimetadata><qti_metadatafield><fieldlabel>qmd_computerscored</fieldlabel><fieldentry>yes</fieldentry></qti_metadatafield><qti_metadatafield><fieldlabel>qmd_questiontype</fieldlabel><fieldentry>Likert</fieldentry></qti_metadatafield><qti_metadatafield><fieldlabel>qmd_globalid</fieldlabel><fieldentry>61e49d92-7aef-4359-b7da-ae87e99b0035</fieldentry></qti_metadatafield><qti_metadatafield><fieldlabel>qmd_displayid</fieldlabel><fieldentry>DDN236-DEV-EN-35</fieldentry></qti_metadatafield></qtimetadata></itemmetadata><itemproc_extension><d2l_2p0:difficulty>1</d2l_2p0:difficulty><d2l_2p0:isbonus>no</d2l_2p0:isbonus><d2l_2p0:ismandatory>no</d2l_2p0:ismandatory></itemproc_extension><presentation><flow><material><mattext texttype="text/html">&lt;p&gt;From 1 to 10, provide your score on the following statements:&lt;/p&gt;</mattext></material><d2l_2p0:scale>16</d2l_2p0:scale><response_grp respident="QUES_12765_19587_R" rcardinality="Single"><render_choice shuffle="no"><flow_label class="Block"><response_label ident="QUES_12765_19587_A76051"><flow_mat><material><mattext texttype="text/html">&lt;p&gt;The course provided a clear overview of what product management can be.&lt;/p&gt;</mattext></material></flow_mat></response_label><response_label ident="QUES_12765_19587_A76052"><flow_mat><material><mattext texttype="text/html">&lt;p&gt;I can say with confidence that I know what product management is.&lt;/p&gt;</mattext></material></flow_mat></response_label><response_label ident="QUES_12765_19587_A76053"><flow_mat><material><mattext texttype="text/html">&lt;p&gt;I will commit to trying out some of the practices that resonated the most with me.&lt;/p&gt;</mattext></material></flow_mat></response_label><response_label ident="QUES_12765_19587_A76054"><flow_mat><material><mattext texttype="text/html">&lt;p&gt;The course provided me with examples of how to conduct user research, plan my work, and iterate for better outcomes.&lt;/p&gt;</mattext></material></flow_mat></response_label><response_label ident="QUES_12765_19587_A76055"><flow_mat><material><mattext texttype="text/html">&lt;p&gt;The learning activities including quizzes contributed to my learning.&lt;/p&gt;</mattext></material></flow_mat></response_label><response_label ident="QUES_12765_19587_A76056"><flow_mat><material><mattext texttype="text/html">&lt;p&gt;I liked the design of the course.&lt;/p&gt;</mattext></material></flow_mat></response_label><response_label ident="QUES_12765_19587_A76057"><flow_mat><material><mattext texttype="text/html">&lt;p&gt;I liked starting modules with activities that unlock the content.&amp;#160;&lt;/p&gt;</mattext></material></flow_mat></response_label></flow_label></render_choice></response_grp></flow></presentation></item><item ident="OBJ_45490" label="QUES_12766_18192" d2l_2p0:page="1" title="Satisfaction"><itemmetadata><qtimetadata><qti_metadatafield><fieldlabel>qmd_computerscored</fieldlabel><fieldentry>yes</fieldentry></qti_metadatafield><qti_metadatafield><fieldlabel>qmd_questiontype</fieldlabel><fieldentry>Likert</fieldentry></qti_metadatafield><qti_metadatafield><fieldlabel>qmd_globalid</fieldlabel><fieldentry>9e774180-5313-41a7-a899-cdf9f2a492e9</fieldentry></qti_metadatafield><qti_metadatafield><fieldlabel>qmd_displayid</fieldlabel><fieldentry>DDN236-DEV-EN-36</fieldentry></qti_metadatafield></qtimetadata></itemmetadata><itemproc_extension><d2l_2p0:difficulty>1</d2l_2p0:difficulty><d2l_2p0:isbonus>no</d2l_2p0:isbonus><d2l_2p0:ismandatory>no</d2l_2p0:ismandatory></itemproc_extension><presentation><flow><material><mattext texttype="text/html">&lt;p&gt;From 1 to 5, provide your score on the following statements:&lt;/p&gt;</mattext></material><d2l_2p0:scale>1</d2l_2p0:scale><response_grp respident="QUES_12766_18192_R" rcardinality="Single"><render_choice shuffle="no"><flow_label class="Block"><response_label ident="QUES_12766_18192_A71174"><flow_mat><material><mattext texttype="text/html">&lt;p&gt;I am satisfied with the course.&lt;/p&gt;</mattext></material></flow_mat></response_label><response_label ident="QUES_12766_18192_A71175"><flow_mat><material><mattext texttype="text/html">&lt;p&gt;I had a positive learning experience.&lt;/p&gt;</mattext></material></flow_mat></response_label><response_label ident="QUES_12766_18192_A71176"><flow_mat><material><mattext texttype="text/html">&lt;p&gt;My learning needs were met.&lt;/p&gt;</mattext></material></flow_mat></response_label></flow_label></render_choice></response_grp></flow></presentation></item><item ident="OBJ_45494" label="QUES_12770_18193" d2l_2p0:page="1"><itemmetadata><qtimetadata><qti_metadatafield><fieldlabel>qmd_computerscored</fieldlabel><fieldentry>yes</fieldentry></qti_metadatafield><qti_metadatafield><fieldlabel>qmd_questiontype</fieldlabel><fieldentry>Ordering</fieldentry></qti_metadatafield><qti_metadatafield><fieldlabel>qmd_globalid</fieldlabel><fieldentry>4f35e2c7-64eb-4bf5-9490-ffbd66e8dcd3</fieldentry></qti_metadatafield><qti_metadatafield><fieldlabel>qmd_displayid</fieldlabel><fieldentry>DDN236-DEV-EN-56</fieldentry></qti_metadatafield></qtimetadata></itemmetadata><itemproc_extension><d2l_2p0:difficulty>1</d2l_2p0:difficulty><d2l_2p0:isbonus>no</d2l_2p0:isbonus><d2l_2p0:ismandatory>no</d2l_2p0:ismandatory></itemproc_extension><presentation><flow><material><mattext texttype="text/html">&lt;p&gt;In descending order of preference rank your choices regarding grading your assignment.&lt;/p&gt;</mattext></material><response_extension><d2l_2p0:grading_type>1</d2l_2p0:grading_type></response_extension><response_grp respident="QUES_12770_18193_O" rcardinality="Ordered"><render_choice shuffle="yes"><flow_label class="Block"><response_label ident="QUES_12770_18193_O71177"><flow_mat><material><mattext texttype="text/html">&lt;p&gt;I want my submitted assignment graded by a facilitator.&lt;/p&gt;</mattext></material></flow_mat></response_label><response_label ident="QUES_12770_18193_O71178"><flow_mat><material><mattext texttype="text/html">&lt;p&gt;I prefer submitting assignments without being graded by a facilitator.&lt;/p&gt;</mattext></material></flow_mat></response_label><response_label ident="QUES_12770_18193_O71179"><flow_mat><material><mattext texttype="text/html">&lt;p&gt;I don&amp;#39;t like submitting assignments for grading because I don&amp;#39;t have time.&lt;/p&gt;</mattext></material></flow_mat></response_label><response_label ident="QUES_12770_18193_O71180"><flow_mat><material><mattext texttype="text/html">&lt;p&gt;I have no preference.&lt;/p&gt;</mattext></material></flow_mat></response_label></flow_label></render_choice></response_grp></flow></presentation><resprocessing><outcomes><decvar vartype="Integer" defaultval="0" varname="D2L_Correct" minvalue="0" maxvalue="100" /><decvar vartype="Integer" defaultval="0" varname="D2L_Incorrect" minvalue="0" /><decvar vartype="Integer" defaultval="0" varname="que_score" minvalue="0" /></outcomes><respcondition title="Correct Condition"><conditionvar><varequal respident="QUES_12770_18193_O71177">1</varequal></conditionvar><setvar varname="D2L_Correct" action="Add">1</setvar></respcondition><respcondition title="Incorrect Condition"><conditionvar><not><varequal respident="QUES_12770_18193_O71177">1</varequal></not></conditionvar><setvar varname="D2L_Incorrect" action="Add">1</setvar></respcondition><respcondition title="Correct Condition"><conditionvar><varequal respident="QUES_12770_18193_O71178">2</varequal></conditionvar><setvar varname="D2L_Correct" action="Add">1</setvar></respcondition><respcondition title="Incorrect Condition"><conditionvar><not><varequal respident="QUES_12770_18193_O71178">2</varequal></not></conditionvar><setvar varname="D2L_Incorrect" action="Add">1</setvar></respcondition><respcondition title="Correct Condition"><conditionvar><varequal respident="QUES_12770_18193_O71179">3</varequal></conditionvar><setvar varname="D2L_Correct" action="Add">1</setvar></respcondition><respcondition title="Incorrect Condition"><conditionvar><not><varequal respident="QUES_12770_18193_O71179">3</varequal></not></conditionvar><setvar varname="D2L_Incorrect" action="Add">1</setvar></respcondition><respcondition title="Correct Condition"><conditionvar><varequal respident="QUES_12770_18193_O71180">4</varequal></conditionvar><setvar varname="D2L_Correct" action="Add">1</setvar></respcondition><respcondition title="Incorrect Condition"><conditionvar><not><varequal respident="QUES_12770_18193_O71180">4</varequal></not></conditionvar><setvar varname="D2L_Incorrect" action="Add">1</setvar></respcondition><respcondition><conditionvar><vargte respident="D2L_Incorrect">0</vargte></conditionvar><setvar varname="que_score" action="Set">0</setvar></respcondition><respcondition><conditionvar><varequal respident="D2L_Incorrect">0</varequal></conditionvar><setvar varname="que_score" action="Set">1</setvar></respcondition></resprocessing><itemfeedback ident="QUES_12770_18193_IF71177"><material><mattext texttype="text/html" /></material></itemfeedback><itemfeedback ident="QUES_12770_18193_IF71178"><material><mattext texttype="text/html" /></material></itemfeedback><itemfeedback ident="QUES_12770_18193_IF71179"><material><mattext texttype="text/html" /></material></itemfeedback><itemfeedback ident="QUES_12770_18193_IF71180"><material><mattext texttype="text/html" /></material></itemfeedback></item><item ident="OBJ_45491" label="QUES_12767_18185" d2l_2p0:page="1"><itemmetadata><qtimetadata><qti_metadatafield><fieldlabel>qmd_computerscored</fieldlabel><fieldentry>yes</fieldentry></qti_metadatafield><qti_metadatafield><fieldlabel>qmd_questiontype</fieldlabel><fieldentry>Long Answer</fieldentry></qti_metadatafield><qti_metadatafield><fieldlabel>qmd_globalid</fieldlabel><fieldentry>c350bf94-d457-46da-9669-f43bfa4ed6b3</fieldentry></qti_metadatafield><qti_metadatafield><fieldlabel>qmd_displayid</fieldlabel><fieldentry>DDN236-DEV-EN-38</fieldentry></qti_metadatafield></qtimetadata></itemmetadata><itemproc_extension><d2l_2p0:difficulty>1</d2l_2p0:difficulty><d2l_2p0:isbonus>no</d2l_2p0:isbonus><d2l_2p0:ismandatory>no</d2l_2p0:ismandatory></itemproc_extension><presentation><flow><material><mattext texttype="text/html">&lt;p&gt;Whether a learner or a subject-matter expert, please share any additional comments, ideas, or constructive feedback you may have to improve the course.&amp;#160;&lt;/p&gt;</mattext></material><response_extension><d2l_2p0:has_signed_comments>no</d2l_2p0:has_signed_comments><d2l_2p0:has_htmleditor>no</d2l_2p0:has_htmleditor><d2l_2p0:has_fileupload>no</d2l_2p0:has_fileupload></response_extension><response_str ident="QUES_12767_18185_STR" rcardinality="Multiple"><render_fib rows="15" columns="100" prompt="Box" fibtype="String"><response_label ident="QUES_12767_18185_LA"><material><mattext texttype="text/plain" /></material></response_label></render_fib></response_str></flow></presentation></item><item ident="OBJ_45653" label="QUES_13660_19599" d2l_2p0:page="1"><itemmetadata><qtimetadata><qti_metadatafield><fieldlabel>qmd_computerscored</fieldlabel><fieldentry>yes</fieldentry></qti_metadatafield><qti_metadatafield><fieldlabel>qmd_questiontype</fieldlabel><fieldentry>Multiple Choice</fieldentry></qti_metadatafield><qti_metadatafield><fieldlabel>qmd_globalid</fieldlabel><fieldentry>be4c8116-d8e2-4430-975c-06ecdb61457a</fieldentry></qti_metadatafield><qti_metadatafield><fieldlabel>qmd_displayid</fieldlabel><fieldentry>DDN248-DEV-EN-8</fieldentry></qti_metadatafield></qtimetadata></itemmetadata><itemproc_extension><d2l_2p0:difficulty>1</d2l_2p0:difficulty><d2l_2p0:isbonus>no</d2l_2p0:isbonus><d2l_2p0:ismandatory>no</d2l_2p0:ismandatory></itemproc_extension><presentation><flow><material><mattext texttype="text/html">&lt;p&gt;Two different visual representations of Aika were shown. &lt;br/&gt;Click on the one that you prefer:&amp;#160;&lt;/p&gt;</mattext></material><response_extension><d2l_2p0:display_style>2</d2l_2p0:display_style><d2l_2p0:enumeration>6</d2l_2p0:enumeration><d2l_2p0:grading_type>0</d2l_2p0:grading_type></response_extension><response_lid ident="QUES_13660_19599_LID" rcardinality="Single"><render_choice shuffle="no"><flow_label class="Block"><response_label ident="QUES_13660_19599_A76079"><flow_mat><material><mattext texttype="text/html">&lt;p&gt;&lt;img src="AIKA%20version%201.png" alt="Aika Version 1" title="Aika Version 1" style="max-width: 100%;"/&gt;&lt;/p&gt;</mattext></material></flow_mat></response_label></flow_label><flow_label class="Block"><response_label ident="QUES_13660_19599_A76080"><flow_mat><material><mattext texttype="text/html">&lt;p&gt;&lt;img src="AIKA%20version%202.png" alt="Aika version 2" title="Aika version 2" style="max-width: 100%;"/&gt;&lt;/p&gt;</mattext></material></flow_mat></response_label></flow_label></render_choice></response_lid></flow></presentation><resprocessing><respcondition title="Response Condition 1"><conditionvar><varequal respident="QUES_13660_19599_LID">QUES_13660_19599_A76079</varequal></conditionvar><setvar action="Set">0.000000000</setvar><displayfeedback feedbacktype="Response" linkrefid="QUES_13660_19599_IF76079" /></respcondition><respcondition title="Response Condition 2"><conditionvar><varequal respident="QUES_13660_19599_LID">QUES_13660_19599_A76080</varequal></conditionvar><setvar action="Set">0.000000000</setvar><displayfeedback feedbacktype="Response" linkrefid="QUES_13660_19599_IF76080" /></respcondition></resprocessing><itemfeedback ident="QUES_13660_19599_IF76079"><material><mattext texttype="text/plain" /></material></itemfeedback><itemfeedback ident="QUES_13660_19599_IF76080"><material><mattext texttype="text/plain" /></material></itemfeedback></item></section></assessment></questestinterop>