﻿<?xml version="1.0" encoding="UTF-8"?><questestinterop xmlns:d2l_2p0="http://desire2learn.com/xsd/d2lcp_v2p0"><assessment d2l_2p0:id="21" title="Survey for SMEs" ident="res_survey_4247" d2l_2p0:resource_code="23116E12-04C0-4FA6-BDD4-3082E33A4375-30325"><rubric><flow_mat><material><mattext d2l_2p0:isdisplayed="no" texttype="text/html" /></material></flow_mat></rubric><assessmentcontrol hintswitch="no" solutionswitch="no" feedbackswitch="no" /><presentation_material><flow_mat><material label="page footer"><mattext d2l_2p0:isdisplayed="no" texttype="text/html" /></material></flow_mat></presentation_material><assess_procextension><d2l_2p0:submission_message texttype="text/html" /><d2l_2p0:anonymous>yes</d2l_2p0:anonymous><d2l_2p0:instant_feedback>no</d2l_2p0:instant_feedback><is_active>yes</is_active><d2l_2p0:date_start /><d2l_2p0:date_end /><d2l_2p0:has_schedule_event>no</d2l_2p0:has_schedule_event><d2l_2p0:attempts_allowed>editable</d2l_2p0:attempts_allowed><d2l_2p0:is_forward_only>no</d2l_2p0:is_forward_only></assess_procextension><d2l_2p0:report title="Report for SMEs survey"><d2l_2p0:report_type>4</d2l_2p0:report_type><d2l_2p0:show_aggregate_data>yes</d2l_2p0:show_aggregate_data><d2l_2p0:show_textresponses>yes</d2l_2p0:show_textresponses><d2l_2p0:show_signed_comments>no</d2l_2p0:show_signed_comments><d2l_2p0:show_unsigned_comments>no</d2l_2p0:show_unsigned_comments><d2l_2p0:hide_user_info>no</d2l_2p0:hide_user_info><d2l_2p0:report_roles><d2l_2p0:role ident="105">Super Administrator - Super administrateur</d2l_2p0:role><d2l_2p0:role ident="106">Administrator - Administrateur</d2l_2p0:role><d2l_2p0:role ident="107">Designer - Concepteur</d2l_2p0:role><d2l_2p0:role ident="140">Designer Prototype - Concepteur Prototype</d2l_2p0:role><d2l_2p0:role ident="120">Super Data Users - Super utilisateurs de données</d2l_2p0:role></d2l_2p0:report_roles></d2l_2p0:report><section ident="CONTAINER_SECTION"><item ident="OBJ_45521" label="QUES_12462_17511" d2l_2p0:page="1"><itemmetadata><qtimetadata><qti_metadatafield><fieldlabel>qmd_computerscored</fieldlabel><fieldentry>yes</fieldentry></qti_metadatafield><qti_metadatafield><fieldlabel>qmd_questiontype</fieldlabel><fieldentry>Multiple Choice</fieldentry></qti_metadatafield><qti_metadatafield><fieldlabel>qmd_globalid</fieldlabel><fieldentry>c1bd67c6-ecb8-4ec5-94a1-b58a25bb2d9e</fieldentry></qti_metadatafield><qti_metadatafield><fieldlabel>qmd_displayid</fieldlabel><fieldentry>DDN237-DEV-EN-49</fieldentry></qti_metadatafield></qtimetadata></itemmetadata><itemproc_extension><d2l_2p0:difficulty>1</d2l_2p0:difficulty><d2l_2p0:isbonus>no</d2l_2p0:isbonus><d2l_2p0:ismandatory>no</d2l_2p0:ismandatory></itemproc_extension><presentation><flow><material><mattext texttype="text/html">&lt;p&gt;My experience with Design before the course&lt;/p&gt;</mattext></material><response_extension><d2l_2p0:display_style>2</d2l_2p0:display_style><d2l_2p0:enumeration>6</d2l_2p0:enumeration><d2l_2p0:grading_type>0</d2l_2p0:grading_type></response_extension><response_lid ident="QUES_12462_17511_LID" rcardinality="Single"><render_choice shuffle="no"><flow_label class="Block"><response_label ident="QUES_12462_17511_A68218"><flow_mat><material><mattext texttype="text/html">&lt;p&gt;Instructor of the topic&lt;/p&gt;</mattext></material></flow_mat></response_label></flow_label><flow_label class="Block"><response_label ident="QUES_12462_17511_A68219"><flow_mat><material><mattext texttype="text/html">&lt;p&gt;Practitioner of the topic&lt;/p&gt;</mattext></material></flow_mat></response_label></flow_label><flow_label class="Block"><response_label ident="QUES_12462_17511_A68220"><flow_mat><material><mattext texttype="text/html">&lt;p&gt;Very familiar with the topic&lt;/p&gt;</mattext></material></flow_mat></response_label></flow_label><flow_label class="Block"><response_label ident="QUES_12462_17511_A68221"><flow_mat><material><mattext texttype="text/html">&lt;p&gt;Some familiarity with the topic&lt;/p&gt;</mattext></material></flow_mat></response_label></flow_label><flow_label class="Block"><response_label ident="QUES_12462_17511_A68222"><flow_mat><material><mattext texttype="text/html">&lt;p&gt;Total newcomer to the topic&lt;/p&gt;</mattext></material></flow_mat></response_label></flow_label></render_choice></response_lid></flow></presentation><resprocessing><respcondition title="Response Condition 1"><conditionvar><varequal respident="QUES_12462_17511_LID">QUES_12462_17511_A68218</varequal></conditionvar><setvar action="Set">0.000000000</setvar><displayfeedback feedbacktype="Response" linkrefid="QUES_12462_17511_IF68218" /></respcondition><respcondition title="Response Condition 2"><conditionvar><varequal respident="QUES_12462_17511_LID">QUES_12462_17511_A68219</varequal></conditionvar><setvar action="Set">0.000000000</setvar><displayfeedback feedbacktype="Response" linkrefid="QUES_12462_17511_IF68219" /></respcondition><respcondition title="Response Condition 3"><conditionvar><varequal respident="QUES_12462_17511_LID">QUES_12462_17511_A68220</varequal></conditionvar><setvar action="Set">0.000000000</setvar><displayfeedback feedbacktype="Response" linkrefid="QUES_12462_17511_IF68220" /></respcondition><respcondition title="Response Condition 4"><conditionvar><varequal respident="QUES_12462_17511_LID">QUES_12462_17511_A68221</varequal></conditionvar><setvar action="Set">0.000000000</setvar><displayfeedback feedbacktype="Response" linkrefid="QUES_12462_17511_IF68221" /></respcondition><respcondition title="Response Condition 5"><conditionvar><varequal respident="QUES_12462_17511_LID">QUES_12462_17511_A68222</varequal></conditionvar><setvar action="Set">0.000000000</setvar><displayfeedback feedbacktype="Response" linkrefid="QUES_12462_17511_IF68222" /></respcondition></resprocessing><itemfeedback ident="QUES_12462_17511_IF68218"><material><mattext texttype="text/plain" /></material></itemfeedback><itemfeedback ident="QUES_12462_17511_IF68219"><material><mattext texttype="text/plain" /></material></itemfeedback><itemfeedback ident="QUES_12462_17511_IF68220"><material><mattext texttype="text/plain" /></material></itemfeedback><itemfeedback ident="QUES_12462_17511_IF68221"><material><mattext texttype="text/plain" /></material></itemfeedback><itemfeedback ident="QUES_12462_17511_IF68222"><material><mattext texttype="text/plain" /></material></itemfeedback></item><item ident="OBJ_45522" label="QUES_12463_17512" d2l_2p0:page="1"><itemmetadata><qtimetadata><qti_metadatafield><fieldlabel>qmd_computerscored</fieldlabel><fieldentry>yes</fieldentry></qti_metadatafield><qti_metadatafield><fieldlabel>qmd_questiontype</fieldlabel><fieldentry>Multiple Choice</fieldentry></qti_metadatafield><qti_metadatafield><fieldlabel>qmd_globalid</fieldlabel><fieldentry>80ba59d0-3cc6-4e6c-abfc-c0cdec9c2597</fieldentry></qti_metadatafield><qti_metadatafield><fieldlabel>qmd_displayid</fieldlabel><fieldentry>DDN237-DEV-EN-50</fieldentry></qti_metadatafield></qtimetadata></itemmetadata><itemproc_extension><d2l_2p0:difficulty>1</d2l_2p0:difficulty><d2l_2p0:isbonus>no</d2l_2p0:isbonus><d2l_2p0:ismandatory>no</d2l_2p0:ismandatory></itemproc_extension><presentation><flow><material><mattext texttype="text/html">&lt;p&gt;I have worked in the federal government for&lt;/p&gt;</mattext></material><response_extension><d2l_2p0:display_style>2</d2l_2p0:display_style><d2l_2p0:enumeration>6</d2l_2p0:enumeration><d2l_2p0:grading_type>0</d2l_2p0:grading_type></response_extension><response_lid ident="QUES_12463_17512_LID" rcardinality="Single"><render_choice shuffle="no"><flow_label class="Block"><response_label ident="QUES_12463_17512_A68223"><flow_mat><material><mattext texttype="text/html">&lt;p&gt;Less than one year&lt;/p&gt;</mattext></material></flow_mat></response_label></flow_label><flow_label class="Block"><response_label ident="QUES_12463_17512_A68224"><flow_mat><material><mattext texttype="text/html">&lt;p&gt;One to three years&lt;/p&gt;</mattext></material></flow_mat></response_label></flow_label><flow_label class="Block"><response_label ident="QUES_12463_17512_A68225"><flow_mat><material><mattext texttype="text/html">&lt;p&gt;Four to six years&lt;/p&gt;</mattext></material></flow_mat></response_label></flow_label><flow_label class="Block"><response_label ident="QUES_12463_17512_A68226"><flow_mat><material><mattext texttype="text/html">&lt;p&gt;Seven to nine years&lt;/p&gt;</mattext></material></flow_mat></response_label></flow_label><flow_label class="Block"><response_label ident="QUES_12463_17512_A68227"><flow_mat><material><mattext texttype="text/html">&lt;p&gt;10 years+&lt;/p&gt;</mattext></material></flow_mat></response_label></flow_label></render_choice></response_lid></flow></presentation><resprocessing><respcondition title="Response Condition 1"><conditionvar><varequal respident="QUES_12463_17512_LID">QUES_12463_17512_A68223</varequal></conditionvar><setvar action="Set">0.000000000</setvar><displayfeedback feedbacktype="Response" linkrefid="QUES_12463_17512_IF68223" /></respcondition><respcondition title="Response Condition 2"><conditionvar><varequal respident="QUES_12463_17512_LID">QUES_12463_17512_A68224</varequal></conditionvar><setvar action="Set">0.000000000</setvar><displayfeedback feedbacktype="Response" linkrefid="QUES_12463_17512_IF68224" /></respcondition><respcondition title="Response Condition 3"><conditionvar><varequal respident="QUES_12463_17512_LID">QUES_12463_17512_A68225</varequal></conditionvar><setvar action="Set">0.000000000</setvar><displayfeedback feedbacktype="Response" linkrefid="QUES_12463_17512_IF68225" /></respcondition><respcondition title="Response Condition 4"><conditionvar><varequal respident="QUES_12463_17512_LID">QUES_12463_17512_A68226</varequal></conditionvar><setvar action="Set">0.000000000</setvar><displayfeedback feedbacktype="Response" linkrefid="QUES_12463_17512_IF68226" /></respcondition><respcondition title="Response Condition 5"><conditionvar><varequal respident="QUES_12463_17512_LID">QUES_12463_17512_A68227</varequal></conditionvar><setvar action="Set">0.000000000</setvar><displayfeedback feedbacktype="Response" linkrefid="QUES_12463_17512_IF68227" /></respcondition></resprocessing><itemfeedback ident="QUES_12463_17512_IF68223"><material><mattext texttype="text/plain" /></material></itemfeedback><itemfeedback ident="QUES_12463_17512_IF68224"><material><mattext texttype="text/plain" /></material></itemfeedback><itemfeedback ident="QUES_12463_17512_IF68225"><material><mattext texttype="text/plain" /></material></itemfeedback><itemfeedback ident="QUES_12463_17512_IF68226"><material><mattext texttype="text/plain" /></material></itemfeedback><itemfeedback ident="QUES_12463_17512_IF68227"><material><mattext texttype="text/plain" /></material></itemfeedback></item><item ident="OBJ_45537" label="QUES_12691_17977" d2l_2p0:page="1"><itemmetadata><qtimetadata><qti_metadatafield><fieldlabel>qmd_computerscored</fieldlabel><fieldentry>yes</fieldentry></qti_metadatafield><qti_metadatafield><fieldlabel>qmd_questiontype</fieldlabel><fieldentry>Multiple Choice</fieldentry></qti_metadatafield><qti_metadatafield><fieldlabel>qmd_globalid</fieldlabel><fieldentry>fbb5aa31-53c2-4ef7-b9a0-c640de576d49</fieldentry></qti_metadatafield><qti_metadatafield><fieldlabel>qmd_displayid</fieldlabel><fieldentry>DDN244-DEV-EN-12</fieldentry></qti_metadatafield></qtimetadata></itemmetadata><itemproc_extension><d2l_2p0:difficulty>1</d2l_2p0:difficulty><d2l_2p0:isbonus>no</d2l_2p0:isbonus><d2l_2p0:ismandatory>no</d2l_2p0:ismandatory></itemproc_extension><presentation><flow><material><mattext texttype="text/html">&lt;p&gt;Did the course meet your expectations? (1 of 2)&lt;/p&gt;</mattext></material><response_extension><d2l_2p0:display_style>2</d2l_2p0:display_style><d2l_2p0:enumeration>6</d2l_2p0:enumeration><d2l_2p0:grading_type>0</d2l_2p0:grading_type></response_extension><response_lid ident="QUES_12691_17977_LID" rcardinality="Single"><render_choice shuffle="no"><flow_label class="Block"><response_label ident="QUES_12691_17977_A70199"><flow_mat><material><mattext texttype="text/html">&lt;p&gt;Yes&lt;/p&gt;</mattext></material></flow_mat></response_label></flow_label><flow_label class="Block"><response_label ident="QUES_12691_17977_A70200"><flow_mat><material><mattext texttype="text/html">&lt;p&gt;Somewhat&lt;/p&gt;</mattext></material></flow_mat></response_label></flow_label><flow_label class="Block"><response_label ident="QUES_12691_17977_A70201"><flow_mat><material><mattext texttype="text/html">&lt;p&gt;No&lt;/p&gt;</mattext></material></flow_mat></response_label></flow_label></render_choice></response_lid></flow></presentation><resprocessing><respcondition title="Response Condition 1"><conditionvar><varequal respident="QUES_12691_17977_LID">QUES_12691_17977_A70199</varequal></conditionvar><setvar action="Set">0.000000000</setvar><displayfeedback feedbacktype="Response" linkrefid="QUES_12691_17977_IF70199" /></respcondition><respcondition title="Response Condition 2"><conditionvar><varequal respident="QUES_12691_17977_LID">QUES_12691_17977_A70200</varequal></conditionvar><setvar action="Set">0.000000000</setvar><displayfeedback feedbacktype="Response" linkrefid="QUES_12691_17977_IF70200" /></respcondition><respcondition title="Response Condition 3"><conditionvar><varequal respident="QUES_12691_17977_LID">QUES_12691_17977_A70201</varequal></conditionvar><setvar action="Set">0.000000000</setvar><displayfeedback feedbacktype="Response" linkrefid="QUES_12691_17977_IF70201" /></respcondition></resprocessing><itemfeedback ident="QUES_12691_17977_IF70199"><material><mattext texttype="text/plain" /></material></itemfeedback><itemfeedback ident="QUES_12691_17977_IF70200"><material><mattext texttype="text/plain" /></material></itemfeedback><itemfeedback ident="QUES_12691_17977_IF70201"><material><mattext texttype="text/plain" /></material></itemfeedback></item><item ident="OBJ_45538" label="QUES_12692_17981" d2l_2p0:page="1"><itemmetadata><qtimetadata><qti_metadatafield><fieldlabel>qmd_computerscored</fieldlabel><fieldentry>yes</fieldentry></qti_metadatafield><qti_metadatafield><fieldlabel>qmd_questiontype</fieldlabel><fieldentry>Long Answer</fieldentry></qti_metadatafield><qti_metadatafield><fieldlabel>qmd_globalid</fieldlabel><fieldentry>cdc7211c-bdb7-4461-8657-7667dccc082d</fieldentry></qti_metadatafield><qti_metadatafield><fieldlabel>qmd_displayid</fieldlabel><fieldentry>DDN244-DEV-EN-13</fieldentry></qti_metadatafield></qtimetadata></itemmetadata><itemproc_extension><d2l_2p0:difficulty>1</d2l_2p0:difficulty><d2l_2p0:isbonus>no</d2l_2p0:isbonus><d2l_2p0:ismandatory>no</d2l_2p0:ismandatory></itemproc_extension><presentation><flow><material><mattext texttype="text/html">&lt;p&gt;Did the course meet your expectations? Please comment on your answer. (2 of 2)&lt;/p&gt;</mattext></material><response_extension><d2l_2p0:has_signed_comments>no</d2l_2p0:has_signed_comments><d2l_2p0:has_htmleditor>no</d2l_2p0:has_htmleditor><d2l_2p0:has_fileupload>no</d2l_2p0:has_fileupload></response_extension><response_str ident="QUES_12692_17981_STR" rcardinality="Multiple"><render_fib rows="15" columns="100" prompt="Box" fibtype="String"><response_label ident="QUES_12692_17981_LA"><material><mattext texttype="text/plain" /></material></response_label></render_fib></response_str></flow></presentation></item><item ident="OBJ_45523" label="QUES_12464_17513" d2l_2p0:page="1"><itemmetadata><qtimetadata><qti_metadatafield><fieldlabel>qmd_computerscored</fieldlabel><fieldentry>yes</fieldentry></qti_metadatafield><qti_metadatafield><fieldlabel>qmd_questiontype</fieldlabel><fieldentry>Multiple Choice</fieldentry></qti_metadatafield><qti_metadatafield><fieldlabel>qmd_globalid</fieldlabel><fieldentry>a24d02d6-0b98-4709-a37d-3bca90ca8688</fieldentry></qti_metadatafield><qti_metadatafield><fieldlabel>qmd_displayid</fieldlabel><fieldentry>DDN237-DEV-EN-51</fieldentry></qti_metadatafield></qtimetadata></itemmetadata><itemproc_extension><d2l_2p0:difficulty>1</d2l_2p0:difficulty><d2l_2p0:isbonus>no</d2l_2p0:isbonus><d2l_2p0:ismandatory>no</d2l_2p0:ismandatory></itemproc_extension><presentation><flow><material><mattext texttype="text/html">&lt;p&gt;The course was logically organized. (1 of 2)&lt;/p&gt;</mattext></material><response_extension><d2l_2p0:display_style>2</d2l_2p0:display_style><d2l_2p0:enumeration>6</d2l_2p0:enumeration><d2l_2p0:grading_type>0</d2l_2p0:grading_type></response_extension><response_lid ident="QUES_12464_17513_LID" rcardinality="Single"><render_choice shuffle="no"><flow_label class="Block"><response_label ident="QUES_12464_17513_A68228"><flow_mat><material><mattext texttype="text/html">&lt;p&gt;Totally disagree&lt;/p&gt;</mattext></material></flow_mat></response_label></flow_label><flow_label class="Block"><response_label ident="QUES_12464_17513_A68229"><flow_mat><material><mattext texttype="text/html">&lt;p&gt;Somewhat disagree&lt;/p&gt;</mattext></material></flow_mat></response_label></flow_label><flow_label class="Block"><response_label ident="QUES_12464_17513_A68230"><flow_mat><material><mattext texttype="text/html">&lt;p&gt;Somewhat agree&lt;/p&gt;</mattext></material></flow_mat></response_label></flow_label><flow_label class="Block"><response_label ident="QUES_12464_17513_A68231"><flow_mat><material><mattext texttype="text/html">&lt;p&gt;Totally agree&lt;/p&gt;</mattext></material></flow_mat></response_label></flow_label></render_choice></response_lid></flow></presentation><resprocessing><respcondition title="Response Condition 1"><conditionvar><varequal respident="QUES_12464_17513_LID">QUES_12464_17513_A68228</varequal></conditionvar><setvar action="Set">0.000000000</setvar><displayfeedback feedbacktype="Response" linkrefid="QUES_12464_17513_IF68228" /></respcondition><respcondition title="Response Condition 2"><conditionvar><varequal respident="QUES_12464_17513_LID">QUES_12464_17513_A68229</varequal></conditionvar><setvar action="Set">0.000000000</setvar><displayfeedback feedbacktype="Response" linkrefid="QUES_12464_17513_IF68229" /></respcondition><respcondition title="Response Condition 3"><conditionvar><varequal respident="QUES_12464_17513_LID">QUES_12464_17513_A68230</varequal></conditionvar><setvar action="Set">0.000000000</setvar><displayfeedback feedbacktype="Response" linkrefid="QUES_12464_17513_IF68230" /></respcondition><respcondition title="Response Condition 4"><conditionvar><varequal respident="QUES_12464_17513_LID">QUES_12464_17513_A68231</varequal></conditionvar><setvar action="Set">0.000000000</setvar><displayfeedback feedbacktype="Response" linkrefid="QUES_12464_17513_IF68231" /></respcondition></resprocessing><itemfeedback ident="QUES_12464_17513_IF68228"><material><mattext texttype="text/plain" /></material></itemfeedback><itemfeedback ident="QUES_12464_17513_IF68229"><material><mattext texttype="text/plain" /></material></itemfeedback><itemfeedback ident="QUES_12464_17513_IF68230"><material><mattext texttype="text/plain" /></material></itemfeedback><itemfeedback ident="QUES_12464_17513_IF68231"><material><mattext texttype="text/plain" /></material></itemfeedback></item><item ident="OBJ_45524" label="QUES_12465_17514" d2l_2p0:page="1"><itemmetadata><qtimetadata><qti_metadatafield><fieldlabel>qmd_computerscored</fieldlabel><fieldentry>yes</fieldentry></qti_metadatafield><qti_metadatafield><fieldlabel>qmd_questiontype</fieldlabel><fieldentry>Long Answer</fieldentry></qti_metadatafield><qti_metadatafield><fieldlabel>qmd_globalid</fieldlabel><fieldentry>88d6aa97-d168-44a9-834b-352b44409fa7</fieldentry></qti_metadatafield><qti_metadatafield><fieldlabel>qmd_displayid</fieldlabel><fieldentry>DDN237-DEV-EN-52</fieldentry></qti_metadatafield></qtimetadata></itemmetadata><itemproc_extension><d2l_2p0:difficulty>1</d2l_2p0:difficulty><d2l_2p0:isbonus>no</d2l_2p0:isbonus><d2l_2p0:ismandatory>no</d2l_2p0:ismandatory></itemproc_extension><presentation><flow><material><mattext texttype="text/html">&lt;p&gt;The course was logically organized.&lt;/p&gt;
&lt;p&gt;Please comment on your answer. (2 of 2)&lt;/p&gt;</mattext></material><response_extension><d2l_2p0:has_signed_comments>no</d2l_2p0:has_signed_comments><d2l_2p0:has_htmleditor>no</d2l_2p0:has_htmleditor><d2l_2p0:has_fileupload>no</d2l_2p0:has_fileupload></response_extension><response_str ident="QUES_12465_17514_STR" rcardinality="Multiple"><render_fib rows="15" columns="100" prompt="Box" fibtype="String"><response_label ident="QUES_12465_17514_LA"><material><mattext texttype="text/plain" /></material></response_label></render_fib></response_str></flow></presentation></item><item ident="OBJ_45525" label="QUES_12466_17515" d2l_2p0:page="1"><itemmetadata><qtimetadata><qti_metadatafield><fieldlabel>qmd_computerscored</fieldlabel><fieldentry>yes</fieldentry></qti_metadatafield><qti_metadatafield><fieldlabel>qmd_questiontype</fieldlabel><fieldentry>Multiple Choice</fieldentry></qti_metadatafield><qti_metadatafield><fieldlabel>qmd_globalid</fieldlabel><fieldentry>b99bf610-7821-4b9f-acb2-e0a42c5f17bb</fieldentry></qti_metadatafield><qti_metadatafield><fieldlabel>qmd_displayid</fieldlabel><fieldentry>DDN237-DEV-EN-53</fieldentry></qti_metadatafield></qtimetadata></itemmetadata><itemproc_extension><d2l_2p0:difficulty>1</d2l_2p0:difficulty><d2l_2p0:isbonus>no</d2l_2p0:isbonus><d2l_2p0:ismandatory>no</d2l_2p0:ismandatory></itemproc_extension><presentation><flow><material><mattext texttype="text/html">&lt;p&gt;The content in this course will help learners to build better products and services. (1 of 2)&lt;/p&gt;</mattext></material><response_extension><d2l_2p0:display_style>2</d2l_2p0:display_style><d2l_2p0:enumeration>6</d2l_2p0:enumeration><d2l_2p0:grading_type>0</d2l_2p0:grading_type></response_extension><response_lid ident="QUES_12466_17515_LID" rcardinality="Single"><render_choice shuffle="no"><flow_label class="Block"><response_label ident="QUES_12466_17515_A68233"><flow_mat><material><mattext texttype="text/html">&lt;p&gt;Totally disagree&lt;/p&gt;</mattext></material></flow_mat></response_label></flow_label><flow_label class="Block"><response_label ident="QUES_12466_17515_A68234"><flow_mat><material><mattext texttype="text/html">&lt;p&gt;Somewhat disagree&lt;/p&gt;</mattext></material></flow_mat></response_label></flow_label><flow_label class="Block"><response_label ident="QUES_12466_17515_A68235"><flow_mat><material><mattext texttype="text/html">&lt;p&gt;Somewhat agree&lt;/p&gt;</mattext></material></flow_mat></response_label></flow_label><flow_label class="Block"><response_label ident="QUES_12466_17515_A68236"><flow_mat><material><mattext texttype="text/html">&lt;p&gt;Totally agree&lt;/p&gt;</mattext></material></flow_mat></response_label></flow_label></render_choice></response_lid></flow></presentation><resprocessing><respcondition title="Response Condition 1"><conditionvar><varequal respident="QUES_12466_17515_LID">QUES_12466_17515_A68233</varequal></conditionvar><setvar action="Set">0.000000000</setvar><displayfeedback feedbacktype="Response" linkrefid="QUES_12466_17515_IF68233" /></respcondition><respcondition title="Response Condition 2"><conditionvar><varequal respident="QUES_12466_17515_LID">QUES_12466_17515_A68234</varequal></conditionvar><setvar action="Set">0.000000000</setvar><displayfeedback feedbacktype="Response" linkrefid="QUES_12466_17515_IF68234" /></respcondition><respcondition title="Response Condition 3"><conditionvar><varequal respident="QUES_12466_17515_LID">QUES_12466_17515_A68235</varequal></conditionvar><setvar action="Set">0.000000000</setvar><displayfeedback feedbacktype="Response" linkrefid="QUES_12466_17515_IF68235" /></respcondition><respcondition title="Response Condition 4"><conditionvar><varequal respident="QUES_12466_17515_LID">QUES_12466_17515_A68236</varequal></conditionvar><setvar action="Set">0.000000000</setvar><displayfeedback feedbacktype="Response" linkrefid="QUES_12466_17515_IF68236" /></respcondition></resprocessing><itemfeedback ident="QUES_12466_17515_IF68233"><material><mattext texttype="text/plain" /></material></itemfeedback><itemfeedback ident="QUES_12466_17515_IF68234"><material><mattext texttype="text/plain" /></material></itemfeedback><itemfeedback ident="QUES_12466_17515_IF68235"><material><mattext texttype="text/plain" /></material></itemfeedback><itemfeedback ident="QUES_12466_17515_IF68236"><material><mattext texttype="text/plain" /></material></itemfeedback></item><item ident="OBJ_45526" label="QUES_12467_17516" d2l_2p0:page="1"><itemmetadata><qtimetadata><qti_metadatafield><fieldlabel>qmd_computerscored</fieldlabel><fieldentry>yes</fieldentry></qti_metadatafield><qti_metadatafield><fieldlabel>qmd_questiontype</fieldlabel><fieldentry>Long Answer</fieldentry></qti_metadatafield><qti_metadatafield><fieldlabel>qmd_globalid</fieldlabel><fieldentry>35aea4fb-9251-4478-89d5-4bee152a5669</fieldentry></qti_metadatafield><qti_metadatafield><fieldlabel>qmd_displayid</fieldlabel><fieldentry>DDN237-DEV-EN-54</fieldentry></qti_metadatafield></qtimetadata></itemmetadata><itemproc_extension><d2l_2p0:difficulty>1</d2l_2p0:difficulty><d2l_2p0:isbonus>no</d2l_2p0:isbonus><d2l_2p0:ismandatory>no</d2l_2p0:ismandatory></itemproc_extension><presentation><flow><material><mattext texttype="text/html">&lt;p&gt;The content in this course will help learners to build better products and services.&lt;/p&gt;
&lt;p&gt;Please comment on your answer. (2 of 2)&lt;/p&gt;</mattext></material><response_extension><d2l_2p0:has_signed_comments>no</d2l_2p0:has_signed_comments><d2l_2p0:has_htmleditor>no</d2l_2p0:has_htmleditor><d2l_2p0:has_fileupload>no</d2l_2p0:has_fileupload></response_extension><response_str ident="QUES_12467_17516_STR" rcardinality="Multiple"><render_fib rows="15" columns="100" prompt="Box" fibtype="String"><response_label ident="QUES_12467_17516_LA"><material><mattext texttype="text/plain" /></material></response_label></render_fib></response_str></flow></presentation></item><item ident="OBJ_45527" label="QUES_12468_17517" d2l_2p0:page="1"><itemmetadata><qtimetadata><qti_metadatafield><fieldlabel>qmd_computerscored</fieldlabel><fieldentry>yes</fieldentry></qti_metadatafield><qti_metadatafield><fieldlabel>qmd_questiontype</fieldlabel><fieldentry>Multiple Choice</fieldentry></qti_metadatafield><qti_metadatafield><fieldlabel>qmd_globalid</fieldlabel><fieldentry>b30506f1-dcc4-459b-b086-e3959757f86c</fieldentry></qti_metadatafield><qti_metadatafield><fieldlabel>qmd_displayid</fieldlabel><fieldentry>DDN237-DEV-EN-55</fieldentry></qti_metadatafield></qtimetadata></itemmetadata><itemproc_extension><d2l_2p0:difficulty>1</d2l_2p0:difficulty><d2l_2p0:isbonus>no</d2l_2p0:isbonus><d2l_2p0:ismandatory>no</d2l_2p0:ismandatory></itemproc_extension><presentation><flow><material><mattext texttype="text/html">&lt;p&gt;The content in this course is aligned with the course objectives. (1 of 2)&lt;/p&gt;</mattext></material><response_extension><d2l_2p0:display_style>2</d2l_2p0:display_style><d2l_2p0:enumeration>6</d2l_2p0:enumeration><d2l_2p0:grading_type>0</d2l_2p0:grading_type></response_extension><response_lid ident="QUES_12468_17517_LID" rcardinality="Single"><render_choice shuffle="no"><flow_label class="Block"><response_label ident="QUES_12468_17517_A68238"><flow_mat><material><mattext texttype="text/html">&lt;p&gt;Totally disagree&lt;/p&gt;</mattext></material></flow_mat></response_label></flow_label><flow_label class="Block"><response_label ident="QUES_12468_17517_A68239"><flow_mat><material><mattext texttype="text/html">&lt;p&gt;Somewhat disagree&lt;/p&gt;</mattext></material></flow_mat></response_label></flow_label><flow_label class="Block"><response_label ident="QUES_12468_17517_A68240"><flow_mat><material><mattext texttype="text/html">&lt;p&gt;Somewhat agree&lt;/p&gt;</mattext></material></flow_mat></response_label></flow_label><flow_label class="Block"><response_label ident="QUES_12468_17517_A68241"><flow_mat><material><mattext texttype="text/html">&lt;p&gt;Totally agree&lt;/p&gt;</mattext></material></flow_mat></response_label></flow_label></render_choice></response_lid></flow></presentation><resprocessing><respcondition title="Response Condition 1"><conditionvar><varequal respident="QUES_12468_17517_LID">QUES_12468_17517_A68238</varequal></conditionvar><setvar action="Set">0.000000000</setvar><displayfeedback feedbacktype="Response" linkrefid="QUES_12468_17517_IF68238" /></respcondition><respcondition title="Response Condition 2"><conditionvar><varequal respident="QUES_12468_17517_LID">QUES_12468_17517_A68239</varequal></conditionvar><setvar action="Set">0.000000000</setvar><displayfeedback feedbacktype="Response" linkrefid="QUES_12468_17517_IF68239" /></respcondition><respcondition title="Response Condition 3"><conditionvar><varequal respident="QUES_12468_17517_LID">QUES_12468_17517_A68240</varequal></conditionvar><setvar action="Set">0.000000000</setvar><displayfeedback feedbacktype="Response" linkrefid="QUES_12468_17517_IF68240" /></respcondition><respcondition title="Response Condition 4"><conditionvar><varequal respident="QUES_12468_17517_LID">QUES_12468_17517_A68241</varequal></conditionvar><setvar action="Set">0.000000000</setvar><displayfeedback feedbacktype="Response" linkrefid="QUES_12468_17517_IF68241" /></respcondition></resprocessing><itemfeedback ident="QUES_12468_17517_IF68238"><material><mattext texttype="text/plain" /></material></itemfeedback><itemfeedback ident="QUES_12468_17517_IF68239"><material><mattext texttype="text/plain" /></material></itemfeedback><itemfeedback ident="QUES_12468_17517_IF68240"><material><mattext texttype="text/plain" /></material></itemfeedback><itemfeedback ident="QUES_12468_17517_IF68241"><material><mattext texttype="text/plain" /></material></itemfeedback></item><item ident="OBJ_45528" label="QUES_12469_17518" d2l_2p0:page="1"><itemmetadata><qtimetadata><qti_metadatafield><fieldlabel>qmd_computerscored</fieldlabel><fieldentry>yes</fieldentry></qti_metadatafield><qti_metadatafield><fieldlabel>qmd_questiontype</fieldlabel><fieldentry>Long Answer</fieldentry></qti_metadatafield><qti_metadatafield><fieldlabel>qmd_globalid</fieldlabel><fieldentry>d95d8c64-4f3a-4c19-af14-e97b3031f828</fieldentry></qti_metadatafield><qti_metadatafield><fieldlabel>qmd_displayid</fieldlabel><fieldentry>DDN237-DEV-EN-56</fieldentry></qti_metadatafield></qtimetadata></itemmetadata><itemproc_extension><d2l_2p0:difficulty>1</d2l_2p0:difficulty><d2l_2p0:isbonus>no</d2l_2p0:isbonus><d2l_2p0:ismandatory>no</d2l_2p0:ismandatory></itemproc_extension><presentation><flow><material><mattext texttype="text/html">&lt;p&gt;The content in this course is aligned with the course objectives.&lt;/p&gt;
&lt;p&gt;Please comment on your answer. (2 of 2)&lt;/p&gt;</mattext></material><response_extension><d2l_2p0:has_signed_comments>no</d2l_2p0:has_signed_comments><d2l_2p0:has_htmleditor>no</d2l_2p0:has_htmleditor><d2l_2p0:has_fileupload>no</d2l_2p0:has_fileupload></response_extension><response_str ident="QUES_12469_17518_STR" rcardinality="Multiple"><render_fib rows="15" columns="100" prompt="Box" fibtype="String"><response_label ident="QUES_12469_17518_LA"><material><mattext texttype="text/plain" /></material></response_label></render_fib></response_str></flow></presentation></item><item ident="OBJ_45529" label="QUES_12470_17979" d2l_2p0:page="1"><itemmetadata><qtimetadata><qti_metadatafield><fieldlabel>qmd_computerscored</fieldlabel><fieldentry>yes</fieldentry></qti_metadatafield><qti_metadatafield><fieldlabel>qmd_questiontype</fieldlabel><fieldentry>Multiple Choice</fieldentry></qti_metadatafield><qti_metadatafield><fieldlabel>qmd_globalid</fieldlabel><fieldentry>d7818557-4fb0-4b6d-bbd4-397157d21788</fieldentry></qti_metadatafield><qti_metadatafield><fieldlabel>qmd_displayid</fieldlabel><fieldentry>DDN237-DEV-EN-57</fieldentry></qti_metadatafield></qtimetadata></itemmetadata><itemproc_extension><d2l_2p0:difficulty>1</d2l_2p0:difficulty><d2l_2p0:isbonus>no</d2l_2p0:isbonus><d2l_2p0:ismandatory>no</d2l_2p0:ismandatory></itemproc_extension><presentation><flow><material><mattext texttype="text/html">&lt;p&gt;This course introduces to learners the most important topics related to Design Research. (1 of 2)&lt;/p&gt;</mattext></material><response_extension><d2l_2p0:display_style>2</d2l_2p0:display_style><d2l_2p0:enumeration>6</d2l_2p0:enumeration><d2l_2p0:grading_type>0</d2l_2p0:grading_type></response_extension><response_lid ident="QUES_12470_17979_LID" rcardinality="Single"><render_choice shuffle="no"><flow_label class="Block"><response_label ident="QUES_12470_17979_A70203"><flow_mat><material><mattext texttype="text/html">&lt;p&gt;Totally disagree&lt;/p&gt;</mattext></material></flow_mat></response_label></flow_label><flow_label class="Block"><response_label ident="QUES_12470_17979_A70204"><flow_mat><material><mattext texttype="text/html">&lt;p&gt;Somewhat disagree&lt;/p&gt;</mattext></material></flow_mat></response_label></flow_label><flow_label class="Block"><response_label ident="QUES_12470_17979_A70205"><flow_mat><material><mattext texttype="text/html">&lt;p&gt;Somewhat agree&lt;/p&gt;</mattext></material></flow_mat></response_label></flow_label><flow_label class="Block"><response_label ident="QUES_12470_17979_A70206"><flow_mat><material><mattext texttype="text/html">&lt;p&gt;Totally agree&lt;/p&gt;</mattext></material></flow_mat></response_label></flow_label></render_choice></response_lid></flow></presentation><resprocessing><respcondition title="Response Condition 1"><conditionvar><varequal respident="QUES_12470_17979_LID">QUES_12470_17979_A70203</varequal></conditionvar><setvar action="Set">0.000000000</setvar><displayfeedback feedbacktype="Response" linkrefid="QUES_12470_17979_IF70203" /></respcondition><respcondition title="Response Condition 2"><conditionvar><varequal respident="QUES_12470_17979_LID">QUES_12470_17979_A70204</varequal></conditionvar><setvar action="Set">0.000000000</setvar><displayfeedback feedbacktype="Response" linkrefid="QUES_12470_17979_IF70204" /></respcondition><respcondition title="Response Condition 3"><conditionvar><varequal respident="QUES_12470_17979_LID">QUES_12470_17979_A70205</varequal></conditionvar><setvar action="Set">0.000000000</setvar><displayfeedback feedbacktype="Response" linkrefid="QUES_12470_17979_IF70205" /></respcondition><respcondition title="Response Condition 4"><conditionvar><varequal respident="QUES_12470_17979_LID">QUES_12470_17979_A70206</varequal></conditionvar><setvar action="Set">0.000000000</setvar><displayfeedback feedbacktype="Response" linkrefid="QUES_12470_17979_IF70206" /></respcondition></resprocessing><itemfeedback ident="QUES_12470_17979_IF70203"><material><mattext texttype="text/plain" /></material></itemfeedback><itemfeedback ident="QUES_12470_17979_IF70204"><material><mattext texttype="text/plain" /></material></itemfeedback><itemfeedback ident="QUES_12470_17979_IF70205"><material><mattext texttype="text/plain" /></material></itemfeedback><itemfeedback ident="QUES_12470_17979_IF70206"><material><mattext texttype="text/plain" /></material></itemfeedback></item><item ident="OBJ_45530" label="QUES_12471_17980" d2l_2p0:page="1"><itemmetadata><qtimetadata><qti_metadatafield><fieldlabel>qmd_computerscored</fieldlabel><fieldentry>yes</fieldentry></qti_metadatafield><qti_metadatafield><fieldlabel>qmd_questiontype</fieldlabel><fieldentry>Long Answer</fieldentry></qti_metadatafield><qti_metadatafield><fieldlabel>qmd_globalid</fieldlabel><fieldentry>b0f2ba32-2b71-4d20-ac50-d38905ded23e</fieldentry></qti_metadatafield><qti_metadatafield><fieldlabel>qmd_displayid</fieldlabel><fieldentry>DDN237-DEV-EN-58</fieldentry></qti_metadatafield></qtimetadata></itemmetadata><itemproc_extension><d2l_2p0:difficulty>1</d2l_2p0:difficulty><d2l_2p0:isbonus>no</d2l_2p0:isbonus><d2l_2p0:ismandatory>no</d2l_2p0:ismandatory></itemproc_extension><presentation><flow><material><mattext texttype="text/html">&lt;p&gt;This course introduces to learners the most important topics related to Design Research.&lt;/p&gt;
&lt;p&gt;Please comment on your answer. (2 of 2)&lt;/p&gt;</mattext></material><response_extension><d2l_2p0:has_signed_comments>no</d2l_2p0:has_signed_comments><d2l_2p0:has_htmleditor>no</d2l_2p0:has_htmleditor><d2l_2p0:has_fileupload>no</d2l_2p0:has_fileupload></response_extension><response_str ident="QUES_12471_17980_STR" rcardinality="Multiple"><render_fib rows="15" columns="100" prompt="Box" fibtype="String"><response_label ident="QUES_12471_17980_LA"><material><mattext texttype="text/plain" /></material></response_label></render_fib></response_str></flow></presentation></item><item ident="OBJ_45531" label="QUES_12474_17982" d2l_2p0:page="1"><itemmetadata><qtimetadata><qti_metadatafield><fieldlabel>qmd_computerscored</fieldlabel><fieldentry>yes</fieldentry></qti_metadatafield><qti_metadatafield><fieldlabel>qmd_questiontype</fieldlabel><fieldentry>Multiple Choice</fieldentry></qti_metadatafield><qti_metadatafield><fieldlabel>qmd_globalid</fieldlabel><fieldentry>664a70ea-e3f7-4da4-a698-4735cb865cdd</fieldentry></qti_metadatafield><qti_metadatafield><fieldlabel>qmd_displayid</fieldlabel><fieldentry>DDN237-DEV-EN-61</fieldentry></qti_metadatafield></qtimetadata></itemmetadata><itemproc_extension><d2l_2p0:difficulty>1</d2l_2p0:difficulty><d2l_2p0:isbonus>no</d2l_2p0:isbonus><d2l_2p0:ismandatory>no</d2l_2p0:ismandatory></itemproc_extension><presentation><flow><material><mattext texttype="text/html">&lt;p&gt;The case study with the Department of Fisheries and Oceans is an effective way of demonstrating Design Research methods in practice. (1 of 2)&lt;/p&gt;</mattext></material><response_extension><d2l_2p0:display_style>2</d2l_2p0:display_style><d2l_2p0:enumeration>6</d2l_2p0:enumeration><d2l_2p0:grading_type>0</d2l_2p0:grading_type></response_extension><response_lid ident="QUES_12474_17982_LID" rcardinality="Single"><render_choice shuffle="no"><flow_label class="Block"><response_label ident="QUES_12474_17982_A70209"><flow_mat><material><mattext texttype="text/html">&lt;p&gt;Totally disagree&lt;/p&gt;</mattext></material></flow_mat></response_label></flow_label><flow_label class="Block"><response_label ident="QUES_12474_17982_A70210"><flow_mat><material><mattext texttype="text/html">&lt;p&gt;Somewhat disagree&lt;/p&gt;</mattext></material></flow_mat></response_label></flow_label><flow_label class="Block"><response_label ident="QUES_12474_17982_A70211"><flow_mat><material><mattext texttype="text/html">&lt;p&gt;Somewhat agree&lt;/p&gt;</mattext></material></flow_mat></response_label></flow_label><flow_label class="Block"><response_label ident="QUES_12474_17982_A70212"><flow_mat><material><mattext texttype="text/html">&lt;p&gt;Totally agree&lt;/p&gt;</mattext></material></flow_mat></response_label></flow_label></render_choice></response_lid></flow></presentation><resprocessing><respcondition title="Response Condition 1"><conditionvar><varequal respident="QUES_12474_17982_LID">QUES_12474_17982_A70209</varequal></conditionvar><setvar action="Set">0.000000000</setvar><displayfeedback feedbacktype="Response" linkrefid="QUES_12474_17982_IF70209" /></respcondition><respcondition title="Response Condition 2"><conditionvar><varequal respident="QUES_12474_17982_LID">QUES_12474_17982_A70210</varequal></conditionvar><setvar action="Set">0.000000000</setvar><displayfeedback feedbacktype="Response" linkrefid="QUES_12474_17982_IF70210" /></respcondition><respcondition title="Response Condition 3"><conditionvar><varequal respident="QUES_12474_17982_LID">QUES_12474_17982_A70211</varequal></conditionvar><setvar action="Set">0.000000000</setvar><displayfeedback feedbacktype="Response" linkrefid="QUES_12474_17982_IF70211" /></respcondition><respcondition title="Response Condition 4"><conditionvar><varequal respident="QUES_12474_17982_LID">QUES_12474_17982_A70212</varequal></conditionvar><setvar action="Set">0.000000000</setvar><displayfeedback feedbacktype="Response" linkrefid="QUES_12474_17982_IF70212" /></respcondition></resprocessing><itemfeedback ident="QUES_12474_17982_IF70209"><material><mattext texttype="text/plain" /></material></itemfeedback><itemfeedback ident="QUES_12474_17982_IF70210"><material><mattext texttype="text/plain" /></material></itemfeedback><itemfeedback ident="QUES_12474_17982_IF70211"><material><mattext texttype="text/plain" /></material></itemfeedback><itemfeedback ident="QUES_12474_17982_IF70212"><material><mattext texttype="text/plain" /></material></itemfeedback></item><item ident="OBJ_45532" label="QUES_12475_17983" d2l_2p0:page="1"><itemmetadata><qtimetadata><qti_metadatafield><fieldlabel>qmd_computerscored</fieldlabel><fieldentry>yes</fieldentry></qti_metadatafield><qti_metadatafield><fieldlabel>qmd_questiontype</fieldlabel><fieldentry>Long Answer</fieldentry></qti_metadatafield><qti_metadatafield><fieldlabel>qmd_globalid</fieldlabel><fieldentry>920caf1f-d1bb-467f-9bd7-eca903b388fa</fieldentry></qti_metadatafield><qti_metadatafield><fieldlabel>qmd_displayid</fieldlabel><fieldentry>DDN237-DEV-EN-62</fieldentry></qti_metadatafield></qtimetadata></itemmetadata><itemproc_extension><d2l_2p0:difficulty>1</d2l_2p0:difficulty><d2l_2p0:isbonus>no</d2l_2p0:isbonus><d2l_2p0:ismandatory>no</d2l_2p0:ismandatory></itemproc_extension><presentation><flow><material><mattext texttype="text/html">&lt;p&gt;The case study with the Department of Fisheries and Oceans is an effective way of demonstrating Design Research methods in practice.&lt;/p&gt;
&lt;p&gt;Please comment on your answer. (2 of 2)&lt;/p&gt;</mattext></material><response_extension><d2l_2p0:has_signed_comments>no</d2l_2p0:has_signed_comments><d2l_2p0:has_htmleditor>no</d2l_2p0:has_htmleditor><d2l_2p0:has_fileupload>no</d2l_2p0:has_fileupload></response_extension><response_str ident="QUES_12475_17983_STR" rcardinality="Multiple"><render_fib rows="15" columns="100" prompt="Box" fibtype="String"><response_label ident="QUES_12475_17983_LA"><material><mattext texttype="text/plain" /></material></response_label></render_fib></response_str></flow></presentation></item><item ident="OBJ_45533" label="QUES_12476_17525" d2l_2p0:page="1"><itemmetadata><qtimetadata><qti_metadatafield><fieldlabel>qmd_computerscored</fieldlabel><fieldentry>yes</fieldentry></qti_metadatafield><qti_metadatafield><fieldlabel>qmd_questiontype</fieldlabel><fieldentry>Long Answer</fieldentry></qti_metadatafield><qti_metadatafield><fieldlabel>qmd_globalid</fieldlabel><fieldentry>54acdd96-5eb6-49ae-87c0-1c3c6a9ab3be</fieldentry></qti_metadatafield><qti_metadatafield><fieldlabel>qmd_displayid</fieldlabel><fieldentry>DDN237-DEV-EN-63</fieldentry></qti_metadatafield></qtimetadata></itemmetadata><itemproc_extension><d2l_2p0:difficulty>1</d2l_2p0:difficulty><d2l_2p0:isbonus>no</d2l_2p0:isbonus><d2l_2p0:ismandatory>no</d2l_2p0:ismandatory></itemproc_extension><presentation><flow><material><mattext texttype="text/html">&lt;p&gt;What would improve the course experience for learners?&lt;/p&gt;</mattext></material><response_extension><d2l_2p0:has_signed_comments>no</d2l_2p0:has_signed_comments><d2l_2p0:has_htmleditor>no</d2l_2p0:has_htmleditor><d2l_2p0:has_fileupload>no</d2l_2p0:has_fileupload></response_extension><response_str ident="QUES_12476_17525_STR" rcardinality="Multiple"><render_fib rows="15" columns="100" prompt="Box" fibtype="String"><response_label ident="QUES_12476_17525_LA"><material><mattext texttype="text/plain" /></material></response_label></render_fib></response_str></flow></presentation></item><item ident="OBJ_45534" label="QUES_12477_17526" d2l_2p0:page="1"><itemmetadata><qtimetadata><qti_metadatafield><fieldlabel>qmd_computerscored</fieldlabel><fieldentry>yes</fieldentry></qti_metadatafield><qti_metadatafield><fieldlabel>qmd_questiontype</fieldlabel><fieldentry>Long Answer</fieldentry></qti_metadatafield><qti_metadatafield><fieldlabel>qmd_globalid</fieldlabel><fieldentry>2a7ccfd6-ff2d-4a95-8e69-d5d9ce1638ce</fieldentry></qti_metadatafield><qti_metadatafield><fieldlabel>qmd_displayid</fieldlabel><fieldentry>DDN237-DEV-EN-64</fieldentry></qti_metadatafield></qtimetadata></itemmetadata><itemproc_extension><d2l_2p0:difficulty>1</d2l_2p0:difficulty><d2l_2p0:isbonus>no</d2l_2p0:isbonus><d2l_2p0:ismandatory>no</d2l_2p0:ismandatory></itemproc_extension><presentation><flow><material><mattext texttype="text/html">&lt;p&gt;What further feedback do you have for this course?&lt;/p&gt;</mattext></material><response_extension><d2l_2p0:has_signed_comments>no</d2l_2p0:has_signed_comments><d2l_2p0:has_htmleditor>no</d2l_2p0:has_htmleditor><d2l_2p0:has_fileupload>no</d2l_2p0:has_fileupload></response_extension><response_str ident="QUES_12477_17526_STR" rcardinality="Multiple"><render_fib rows="15" columns="100" prompt="Box" fibtype="String"><response_label ident="QUES_12477_17526_LA"><material><mattext texttype="text/plain" /></material></response_label></render_fib></response_str></flow></presentation></item><item ident="OBJ_45535" label="QUES_12478_17987" d2l_2p0:page="1"><itemmetadata><qtimetadata><qti_metadatafield><fieldlabel>qmd_computerscored</fieldlabel><fieldentry>yes</fieldentry></qti_metadatafield><qti_metadatafield><fieldlabel>qmd_questiontype</fieldlabel><fieldentry>Multi-Select</fieldentry></qti_metadatafield><qti_metadatafield><fieldlabel>qmd_globalid</fieldlabel><fieldentry>b5c348ef-8672-4686-b275-19472120a2c0</fieldentry></qti_metadatafield><qti_metadatafield><fieldlabel>qmd_displayid</fieldlabel><fieldentry>DDN237-DEV-EN-65</fieldentry></qti_metadatafield></qtimetadata></itemmetadata><itemproc_extension><d2l_2p0:difficulty>1</d2l_2p0:difficulty><d2l_2p0:isbonus>no</d2l_2p0:isbonus><d2l_2p0:ismandatory>no</d2l_2p0:ismandatory></itemproc_extension><presentation><flow><material><mattext texttype="text/html">&lt;p&gt;After taking this course, what do you think would offer learners the most valuable next step? Choose your top 3.&lt;/p&gt;</mattext></material><response_extension><d2l_2p0:display_style>2</d2l_2p0:display_style><d2l_2p0:enumeration>6</d2l_2p0:enumeration><d2l_2p0:grading_type>0</d2l_2p0:grading_type></response_extension><response_lid ident="QUES_12478_17987_LID" rcardinality="Multiple"><render_choice shuffle="no"><flow_label class="Block"><response_label ident="QUES_12478_17987_A70233"><flow_mat><material><mattext texttype="text/html">&lt;p&gt;A workshop to practice design research with other learners&lt;/p&gt;</mattext></material></flow_mat></response_label></flow_label><flow_label class="Block"><response_label ident="QUES_12478_17987_A70234"><flow_mat><material><mattext texttype="text/html">&lt;p&gt;Team coaching sessions where a team performs design research with the help of a knowledgeable guide&lt;/p&gt;</mattext></material></flow_mat></response_label></flow_label><flow_label class="Block"><response_label ident="QUES_12478_17987_A70235"><flow_mat><material><mattext texttype="text/html">&lt;p&gt;Practical tools with guidance so learners can perform design research on their own&lt;/p&gt;</mattext></material></flow_mat></response_label></flow_label><flow_label class="Block"><response_label ident="QUES_12478_17987_A70236"><flow_mat><material><mattext texttype="text/html">&lt;p&gt;A self-paced course on how to analyze design research results&lt;/p&gt;</mattext></material></flow_mat></response_label></flow_label><flow_label class="Block"><response_label ident="QUES_12478_17987_A70237"><flow_mat><material><mattext texttype="text/html">&lt;p&gt;Explore further case studies of design research in a government context to get ideas&lt;/p&gt;</mattext></material></flow_mat></response_label></flow_label><flow_label class="Block"><response_label ident="QUES_12478_17987_A70238"><flow_mat><material><mattext texttype="text/html">&lt;p&gt;An Ask-Me-Anything session with a Design Thinking expert&lt;/p&gt;</mattext></material></flow_mat></response_label></flow_label><flow_label class="Block"><response_label ident="QUES_12478_17987_A70239"><flow_mat><material><mattext texttype="text/html">&lt;p&gt;A peer-to-peer exchange on this topic with other learners&lt;/p&gt;</mattext></material></flow_mat></response_label></flow_label><flow_label class="Block"><response_label ident="QUES_12478_17987_A70240"><flow_mat><material><mattext texttype="text/html">&lt;p&gt;Nothing, learners don&amp;#39;t need any further learning on this topic&lt;/p&gt;</mattext></material></flow_mat></response_label></flow_label><flow_label class="Block"><response_label ident="QUES_12478_17987_A70241"><flow_mat><material><mattext texttype="text/html">&lt;p&gt;Something else&lt;/p&gt;</mattext></material></flow_mat></response_label></flow_label></render_choice></response_lid></flow></presentation><resprocessing><outcomes><decvar vartype="Integer" defaultval="0" /></outcomes><respcondition title="Scoring for the correct answers" continue="yes"><conditionvar><not><varequal respident="QUES_12478_17987_LID">QUES_12478_17987_A70233</varequal><varequal respident="QUES_12478_17987_LID">QUES_12478_17987_A70234</varequal><varequal respident="QUES_12478_17987_LID">QUES_12478_17987_A70235</varequal><varequal respident="QUES_12478_17987_LID">QUES_12478_17987_A70236</varequal><varequal respident="QUES_12478_17987_LID">QUES_12478_17987_A70237</varequal><varequal respident="QUES_12478_17987_LID">QUES_12478_17987_A70238</varequal><varequal respident="QUES_12478_17987_LID">QUES_12478_17987_A70239</varequal><varequal respident="QUES_12478_17987_LID">QUES_12478_17987_A70240</varequal><varequal respident="QUES_12478_17987_LID">QUES_12478_17987_A70241</varequal></not></conditionvar><setvar action="Add">1</setvar></respcondition><respcondition title="Scoring for the incorrect answers" continue="no"><conditionvar><and><not><not><varequal respident="QUES_12478_17987_LID">QUES_12478_17987_A70233</varequal><varequal respident="QUES_12478_17987_LID">QUES_12478_17987_A70234</varequal><varequal respident="QUES_12478_17987_LID">QUES_12478_17987_A70235</varequal><varequal respident="QUES_12478_17987_LID">QUES_12478_17987_A70236</varequal><varequal respident="QUES_12478_17987_LID">QUES_12478_17987_A70237</varequal><varequal respident="QUES_12478_17987_LID">QUES_12478_17987_A70238</varequal><varequal respident="QUES_12478_17987_LID">QUES_12478_17987_A70239</varequal><varequal respident="QUES_12478_17987_LID">QUES_12478_17987_A70240</varequal><varequal respident="QUES_12478_17987_LID">QUES_12478_17987_A70241</varequal></not></not></and></conditionvar><setvar action="Add">0</setvar></respcondition></resprocessing><itemfeedback ident="QUES_12478_17987_IF70233"><material><mattext texttype="text/plain" /></material></itemfeedback><itemfeedback ident="QUES_12478_17987_IF70234"><material><mattext texttype="text/plain" /></material></itemfeedback><itemfeedback ident="QUES_12478_17987_IF70235"><material><mattext texttype="text/plain" /></material></itemfeedback><itemfeedback ident="QUES_12478_17987_IF70236"><material><mattext texttype="text/plain" /></material></itemfeedback><itemfeedback ident="QUES_12478_17987_IF70237"><material><mattext texttype="text/plain" /></material></itemfeedback><itemfeedback ident="QUES_12478_17987_IF70238"><material><mattext texttype="text/plain" /></material></itemfeedback><itemfeedback ident="QUES_12478_17987_IF70239"><material><mattext texttype="text/plain" /></material></itemfeedback><itemfeedback ident="QUES_12478_17987_IF70240"><material><mattext texttype="text/plain" /></material></itemfeedback><itemfeedback ident="QUES_12478_17987_IF70241"><material><mattext texttype="text/plain" /></material></itemfeedback></item><item ident="OBJ_45536" label="QUES_12479_17985" d2l_2p0:page="1"><itemmetadata><qtimetadata><qti_metadatafield><fieldlabel>qmd_computerscored</fieldlabel><fieldentry>yes</fieldentry></qti_metadatafield><qti_metadatafield><fieldlabel>qmd_questiontype</fieldlabel><fieldentry>Long Answer</fieldentry></qti_metadatafield><qti_metadatafield><fieldlabel>qmd_globalid</fieldlabel><fieldentry>ddf7ee5a-5e7d-422e-9e59-022b51a1924f</fieldentry></qti_metadatafield><qti_metadatafield><fieldlabel>qmd_displayid</fieldlabel><fieldentry>DDN237-DEV-EN-66</fieldentry></qti_metadatafield></qtimetadata></itemmetadata><itemproc_extension><d2l_2p0:difficulty>1</d2l_2p0:difficulty><d2l_2p0:isbonus>no</d2l_2p0:isbonus><d2l_2p0:ismandatory>no</d2l_2p0:ismandatory></itemproc_extension><presentation><flow><material><mattext texttype="text/html">&lt;p&gt;If you did not choose &amp;quot;Nothing, learners don&amp;#39;t need any further learning on this topic&amp;quot; for the previous question, what would you hope to learn from this next step?&lt;/p&gt;</mattext></material><response_extension><d2l_2p0:has_signed_comments>no</d2l_2p0:has_signed_comments><d2l_2p0:has_htmleditor>no</d2l_2p0:has_htmleditor><d2l_2p0:has_fileupload>no</d2l_2p0:has_fileupload></response_extension><response_str ident="QUES_12479_17985_STR" rcardinality="Multiple"><render_fib rows="15" columns="100" prompt="Box" fibtype="String"><response_label ident="QUES_12479_17985_LA"><material><mattext texttype="text/plain" /></material></response_label></render_fib></response_str></flow></presentation></item></section></assessment></questestinterop>