﻿<?xml version="1.0" encoding="UTF-8"?><questestinterop xmlns:d2l_2p0="http://desire2learn.com/xsd/d2lcp_v2p0"><assessment d2l_2p0:id="20" title="Survey for Learners" ident="res_survey_4246" d2l_2p0:resource_code="23116E12-04C0-4FA6-BDD4-3082E33A4375-30324"><rubric><flow_mat><material><mattext d2l_2p0:isdisplayed="no" texttype="text/html" /></material></flow_mat></rubric><assessmentcontrol hintswitch="no" solutionswitch="no" feedbackswitch="no" /><presentation_material><flow_mat><material label="page footer"><mattext d2l_2p0:isdisplayed="no" texttype="text/html" /></material></flow_mat></presentation_material><assess_procextension><d2l_2p0:submission_message texttype="text/html" /><d2l_2p0:anonymous>yes</d2l_2p0:anonymous><d2l_2p0:instant_feedback>no</d2l_2p0:instant_feedback><is_active>yes</is_active><d2l_2p0:date_start /><d2l_2p0:date_end /><d2l_2p0:has_schedule_event>no</d2l_2p0:has_schedule_event><d2l_2p0:attempts_allowed>editable</d2l_2p0:attempts_allowed><d2l_2p0:is_forward_only>no</d2l_2p0:is_forward_only></assess_procextension><d2l_2p0:report title="DDN248 - Alpha Survey report"><d2l_2p0:report_type>4</d2l_2p0:report_type><d2l_2p0:show_aggregate_data>yes</d2l_2p0:show_aggregate_data><d2l_2p0:show_textresponses>yes</d2l_2p0:show_textresponses><d2l_2p0:show_signed_comments>no</d2l_2p0:show_signed_comments><d2l_2p0:show_unsigned_comments>no</d2l_2p0:show_unsigned_comments><d2l_2p0:hide_user_info>no</d2l_2p0:hide_user_info><d2l_2p0:report_roles><d2l_2p0:role ident="105">Super Administrator - Super administrateur</d2l_2p0:role><d2l_2p0:role ident="106">Administrator - Administrateur</d2l_2p0:role><d2l_2p0:role ident="117">Super Designer - Super concepteur</d2l_2p0:role><d2l_2p0:role ident="107">Designer - Concepteur</d2l_2p0:role></d2l_2p0:report_roles></d2l_2p0:report><section ident="CONTAINER_SECTION"><itemref linkrefid="QUES_12768_19583"><d2l_2p0:file href="survey_d2l_4245.xml" /><d2l_2p0:ismandatory>no</d2l_2p0:ismandatory></itemref><item ident="OBJ_45495" label="QUES_12433_17477" d2l_2p0:page="1"><itemmetadata><qtimetadata><qti_metadatafield><fieldlabel>qmd_computerscored</fieldlabel><fieldentry>yes</fieldentry></qti_metadatafield><qti_metadatafield><fieldlabel>qmd_questiontype</fieldlabel><fieldentry>Multiple Choice</fieldentry></qti_metadatafield><qti_metadatafield><fieldlabel>qmd_globalid</fieldlabel><fieldentry>3f79eb0a-ac16-451b-95db-14434dc9dc38</fieldentry></qti_metadatafield><qti_metadatafield><fieldlabel>qmd_displayid</fieldlabel><fieldentry>DDN237-DEV-EN-15</fieldentry></qti_metadatafield></qtimetadata></itemmetadata><itemproc_extension><d2l_2p0:difficulty>1</d2l_2p0:difficulty><d2l_2p0:isbonus>no</d2l_2p0:isbonus><d2l_2p0:ismandatory>no</d2l_2p0:ismandatory></itemproc_extension><presentation><flow><material><mattext texttype="text/html">&lt;p&gt;My experience with Design before the course&lt;/p&gt;</mattext></material><response_extension><d2l_2p0:display_style>2</d2l_2p0:display_style><d2l_2p0:enumeration>6</d2l_2p0:enumeration><d2l_2p0:grading_type>0</d2l_2p0:grading_type></response_extension><response_lid ident="QUES_12433_17477_LID" rcardinality="Single"><render_choice shuffle="no"><flow_label class="Block"><response_label ident="QUES_12433_17477_A68084"><flow_mat><material><mattext texttype="text/html">&lt;p&gt;Instructor of the topic&lt;/p&gt;</mattext></material></flow_mat></response_label></flow_label><flow_label class="Block"><response_label ident="QUES_12433_17477_A68085"><flow_mat><material><mattext texttype="text/html">&lt;p&gt;Practitioner of the topic&lt;/p&gt;</mattext></material></flow_mat></response_label></flow_label><flow_label class="Block"><response_label ident="QUES_12433_17477_A68086"><flow_mat><material><mattext texttype="text/html">&lt;p&gt;Very familiar with the topic&lt;/p&gt;</mattext></material></flow_mat></response_label></flow_label><flow_label class="Block"><response_label ident="QUES_12433_17477_A68087"><flow_mat><material><mattext texttype="text/html">&lt;p&gt;Some familiarity with the topic&lt;/p&gt;</mattext></material></flow_mat></response_label></flow_label><flow_label class="Block"><response_label ident="QUES_12433_17477_A68088"><flow_mat><material><mattext texttype="text/html">&lt;p&gt;Total newcomer to the topic&lt;/p&gt;</mattext></material></flow_mat></response_label></flow_label></render_choice></response_lid></flow></presentation><resprocessing><respcondition title="Response Condition 1"><conditionvar><varequal respident="QUES_12433_17477_LID">QUES_12433_17477_A68084</varequal></conditionvar><setvar action="Set">0.000000000</setvar><displayfeedback feedbacktype="Response" linkrefid="QUES_12433_17477_IF68084" /></respcondition><respcondition title="Response Condition 2"><conditionvar><varequal respident="QUES_12433_17477_LID">QUES_12433_17477_A68085</varequal></conditionvar><setvar action="Set">0.000000000</setvar><displayfeedback feedbacktype="Response" linkrefid="QUES_12433_17477_IF68085" /></respcondition><respcondition title="Response Condition 3"><conditionvar><varequal respident="QUES_12433_17477_LID">QUES_12433_17477_A68086</varequal></conditionvar><setvar action="Set">0.000000000</setvar><displayfeedback feedbacktype="Response" linkrefid="QUES_12433_17477_IF68086" /></respcondition><respcondition title="Response Condition 4"><conditionvar><varequal respident="QUES_12433_17477_LID">QUES_12433_17477_A68087</varequal></conditionvar><setvar action="Set">0.000000000</setvar><displayfeedback feedbacktype="Response" linkrefid="QUES_12433_17477_IF68087" /></respcondition><respcondition title="Response Condition 5"><conditionvar><varequal respident="QUES_12433_17477_LID">QUES_12433_17477_A68088</varequal></conditionvar><setvar action="Set">0.000000000</setvar><displayfeedback feedbacktype="Response" linkrefid="QUES_12433_17477_IF68088" /></respcondition></resprocessing><itemfeedback ident="QUES_12433_17477_IF68084"><material><mattext texttype="text/plain" /></material></itemfeedback><itemfeedback ident="QUES_12433_17477_IF68085"><material><mattext texttype="text/plain" /></material></itemfeedback><itemfeedback ident="QUES_12433_17477_IF68086"><material><mattext texttype="text/plain" /></material></itemfeedback><itemfeedback ident="QUES_12433_17477_IF68087"><material><mattext texttype="text/plain" /></material></itemfeedback><itemfeedback ident="QUES_12433_17477_IF68088"><material><mattext texttype="text/plain" /></material></itemfeedback></item><item ident="OBJ_45496" label="QUES_12434_17478" d2l_2p0:page="1"><itemmetadata><qtimetadata><qti_metadatafield><fieldlabel>qmd_computerscored</fieldlabel><fieldentry>yes</fieldentry></qti_metadatafield><qti_metadatafield><fieldlabel>qmd_questiontype</fieldlabel><fieldentry>Multiple Choice</fieldentry></qti_metadatafield><qti_metadatafield><fieldlabel>qmd_globalid</fieldlabel><fieldentry>836b23b5-8504-4fab-a896-18948ea31a86</fieldentry></qti_metadatafield><qti_metadatafield><fieldlabel>qmd_displayid</fieldlabel><fieldentry>DDN237-DEV-EN-16</fieldentry></qti_metadatafield></qtimetadata></itemmetadata><itemproc_extension><d2l_2p0:difficulty>1</d2l_2p0:difficulty><d2l_2p0:isbonus>no</d2l_2p0:isbonus><d2l_2p0:ismandatory>no</d2l_2p0:ismandatory></itemproc_extension><presentation><flow><material><mattext texttype="text/html">&lt;p&gt;I have worked in the federal government for&lt;/p&gt;</mattext></material><response_extension><d2l_2p0:display_style>2</d2l_2p0:display_style><d2l_2p0:enumeration>6</d2l_2p0:enumeration><d2l_2p0:grading_type>0</d2l_2p0:grading_type></response_extension><response_lid ident="QUES_12434_17478_LID" rcardinality="Single"><render_choice shuffle="no"><flow_label class="Block"><response_label ident="QUES_12434_17478_A68089"><flow_mat><material><mattext texttype="text/html">&lt;p&gt;Less than one year&lt;/p&gt;</mattext></material></flow_mat></response_label></flow_label><flow_label class="Block"><response_label ident="QUES_12434_17478_A68090"><flow_mat><material><mattext texttype="text/html">&lt;p&gt;One to three years&lt;/p&gt;</mattext></material></flow_mat></response_label></flow_label><flow_label class="Block"><response_label ident="QUES_12434_17478_A68091"><flow_mat><material><mattext texttype="text/html">&lt;p&gt;Four to six years&lt;/p&gt;</mattext></material></flow_mat></response_label></flow_label><flow_label class="Block"><response_label ident="QUES_12434_17478_A68092"><flow_mat><material><mattext texttype="text/html">&lt;p&gt;Seven to nine years&lt;/p&gt;</mattext></material></flow_mat></response_label></flow_label><flow_label class="Block"><response_label ident="QUES_12434_17478_A68093"><flow_mat><material><mattext texttype="text/html">&lt;p&gt;10 years+&lt;/p&gt;</mattext></material></flow_mat></response_label></flow_label></render_choice></response_lid></flow></presentation><resprocessing><respcondition title="Response Condition 1"><conditionvar><varequal respident="QUES_12434_17478_LID">QUES_12434_17478_A68089</varequal></conditionvar><setvar action="Set">0.000000000</setvar><displayfeedback feedbacktype="Response" linkrefid="QUES_12434_17478_IF68089" /></respcondition><respcondition title="Response Condition 2"><conditionvar><varequal respident="QUES_12434_17478_LID">QUES_12434_17478_A68090</varequal></conditionvar><setvar action="Set">0.000000000</setvar><displayfeedback feedbacktype="Response" linkrefid="QUES_12434_17478_IF68090" /></respcondition><respcondition title="Response Condition 3"><conditionvar><varequal respident="QUES_12434_17478_LID">QUES_12434_17478_A68091</varequal></conditionvar><setvar action="Set">0.000000000</setvar><displayfeedback feedbacktype="Response" linkrefid="QUES_12434_17478_IF68091" /></respcondition><respcondition title="Response Condition 4"><conditionvar><varequal respident="QUES_12434_17478_LID">QUES_12434_17478_A68092</varequal></conditionvar><setvar action="Set">0.000000000</setvar><displayfeedback feedbacktype="Response" linkrefid="QUES_12434_17478_IF68092" /></respcondition><respcondition title="Response Condition 5"><conditionvar><varequal respident="QUES_12434_17478_LID">QUES_12434_17478_A68093</varequal></conditionvar><setvar action="Set">0.000000000</setvar><displayfeedback feedbacktype="Response" linkrefid="QUES_12434_17478_IF68093" /></respcondition></resprocessing><itemfeedback ident="QUES_12434_17478_IF68089"><material><mattext texttype="text/plain" /></material></itemfeedback><itemfeedback ident="QUES_12434_17478_IF68090"><material><mattext texttype="text/plain" /></material></itemfeedback><itemfeedback ident="QUES_12434_17478_IF68091"><material><mattext texttype="text/plain" /></material></itemfeedback><itemfeedback ident="QUES_12434_17478_IF68092"><material><mattext texttype="text/plain" /></material></itemfeedback><itemfeedback ident="QUES_12434_17478_IF68093"><material><mattext texttype="text/plain" /></material></itemfeedback></item><itemref linkrefid="QUES_12763_19590"><d2l_2p0:file href="survey_d2l_4245.xml" /><d2l_2p0:ismandatory>no</d2l_2p0:ismandatory></itemref><item ident="OBJ_45500" label="QUES_12439_19591" d2l_2p0:page="1"><itemmetadata><qtimetadata><qti_metadatafield><fieldlabel>qmd_computerscored</fieldlabel><fieldentry>yes</fieldentry></qti_metadatafield><qti_metadatafield><fieldlabel>qmd_questiontype</fieldlabel><fieldentry>Long Answer</fieldentry></qti_metadatafield><qti_metadatafield><fieldlabel>qmd_globalid</fieldlabel><fieldentry>7db6f3de-8644-450f-8b90-bdd044633033</fieldentry></qti_metadatafield><qti_metadatafield><fieldlabel>qmd_displayid</fieldlabel><fieldentry>DDN237-DEV-EN-25</fieldentry></qti_metadatafield></qtimetadata></itemmetadata><itemproc_extension><d2l_2p0:difficulty>1</d2l_2p0:difficulty><d2l_2p0:isbonus>no</d2l_2p0:isbonus><d2l_2p0:ismandatory>no</d2l_2p0:ismandatory></itemproc_extension><presentation><flow><material><mattext texttype="text/html">&lt;p&gt;The content met my expectations.&lt;/p&gt;
&lt;p&gt;Please comment on your answer. (2 of 2)&lt;/p&gt;</mattext></material><response_extension><d2l_2p0:has_signed_comments>no</d2l_2p0:has_signed_comments><d2l_2p0:has_htmleditor>no</d2l_2p0:has_htmleditor><d2l_2p0:has_fileupload>no</d2l_2p0:has_fileupload></response_extension><response_str ident="QUES_12439_19591_STR" rcardinality="Multiple"><render_fib rows="15" columns="100" prompt="Box" fibtype="String"><response_label ident="QUES_12439_19591_LA"><material><mattext texttype="text/plain" /></material></response_label></render_fib></response_str></flow></presentation></item><item ident="OBJ_45498" label="QUES_12437_17485" d2l_2p0:page="1"><itemmetadata><qtimetadata><qti_metadatafield><fieldlabel>qmd_computerscored</fieldlabel><fieldentry>yes</fieldentry></qti_metadatafield><qti_metadatafield><fieldlabel>qmd_questiontype</fieldlabel><fieldentry>Multiple Choice</fieldentry></qti_metadatafield><qti_metadatafield><fieldlabel>qmd_globalid</fieldlabel><fieldentry>b899ab25-2774-4d50-bec1-6a7d07bcd5fa</fieldentry></qti_metadatafield><qti_metadatafield><fieldlabel>qmd_displayid</fieldlabel><fieldentry>DDN237-DEV-EN-23</fieldentry></qti_metadatafield></qtimetadata></itemmetadata><itemproc_extension><d2l_2p0:difficulty>1</d2l_2p0:difficulty><d2l_2p0:isbonus>no</d2l_2p0:isbonus><d2l_2p0:ismandatory>no</d2l_2p0:ismandatory></itemproc_extension><presentation><flow><material><mattext texttype="text/html">&lt;p&gt;The course was logically organized. (1 of 2)&lt;/p&gt;</mattext></material><response_extension><d2l_2p0:display_style>2</d2l_2p0:display_style><d2l_2p0:enumeration>6</d2l_2p0:enumeration><d2l_2p0:grading_type>0</d2l_2p0:grading_type></response_extension><response_lid ident="QUES_12437_17485_LID" rcardinality="Single"><render_choice shuffle="no"><flow_label class="Block"><response_label ident="QUES_12437_17485_A68128"><flow_mat><material><mattext texttype="text/html">&lt;p&gt;Totally disagree&lt;/p&gt;</mattext></material></flow_mat></response_label></flow_label><flow_label class="Block"><response_label ident="QUES_12437_17485_A68129"><flow_mat><material><mattext texttype="text/html">&lt;p&gt;Somewhat disagree&lt;/p&gt;</mattext></material></flow_mat></response_label></flow_label><flow_label class="Block"><response_label ident="QUES_12437_17485_A68130"><flow_mat><material><mattext texttype="text/html">&lt;p&gt;Somewhat agree&lt;/p&gt;</mattext></material></flow_mat></response_label></flow_label><flow_label class="Block"><response_label ident="QUES_12437_17485_A68131"><flow_mat><material><mattext texttype="text/html">&lt;p&gt;Totally agree&lt;/p&gt;</mattext></material></flow_mat></response_label></flow_label></render_choice></response_lid></flow></presentation><resprocessing><respcondition title="Response Condition 1"><conditionvar><varequal respident="QUES_12437_17485_LID">QUES_12437_17485_A68128</varequal></conditionvar><setvar action="Set">0.000000000</setvar><displayfeedback feedbacktype="Response" linkrefid="QUES_12437_17485_IF68128" /></respcondition><respcondition title="Response Condition 2"><conditionvar><varequal respident="QUES_12437_17485_LID">QUES_12437_17485_A68129</varequal></conditionvar><setvar action="Set">0.000000000</setvar><displayfeedback feedbacktype="Response" linkrefid="QUES_12437_17485_IF68129" /></respcondition><respcondition title="Response Condition 3"><conditionvar><varequal respident="QUES_12437_17485_LID">QUES_12437_17485_A68130</varequal></conditionvar><setvar action="Set">0.000000000</setvar><displayfeedback feedbacktype="Response" linkrefid="QUES_12437_17485_IF68130" /></respcondition><respcondition title="Response Condition 4"><conditionvar><varequal respident="QUES_12437_17485_LID">QUES_12437_17485_A68131</varequal></conditionvar><setvar action="Set">0.000000000</setvar><displayfeedback feedbacktype="Response" linkrefid="QUES_12437_17485_IF68131" /></respcondition></resprocessing><itemfeedback ident="QUES_12437_17485_IF68128"><material><mattext texttype="text/plain" /></material></itemfeedback><itemfeedback ident="QUES_12437_17485_IF68129"><material><mattext texttype="text/plain" /></material></itemfeedback><itemfeedback ident="QUES_12437_17485_IF68130"><material><mattext texttype="text/plain" /></material></itemfeedback><itemfeedback ident="QUES_12437_17485_IF68131"><material><mattext texttype="text/plain" /></material></itemfeedback></item><item ident="OBJ_45499" label="QUES_12438_17486" d2l_2p0:page="1"><itemmetadata><qtimetadata><qti_metadatafield><fieldlabel>qmd_computerscored</fieldlabel><fieldentry>yes</fieldentry></qti_metadatafield><qti_metadatafield><fieldlabel>qmd_questiontype</fieldlabel><fieldentry>Long Answer</fieldentry></qti_metadatafield><qti_metadatafield><fieldlabel>qmd_globalid</fieldlabel><fieldentry>eb344583-6a8d-406b-b6d4-11a25aaa02e8</fieldentry></qti_metadatafield><qti_metadatafield><fieldlabel>qmd_displayid</fieldlabel><fieldentry>DDN237-DEV-EN-24</fieldentry></qti_metadatafield></qtimetadata></itemmetadata><itemproc_extension><d2l_2p0:difficulty>1</d2l_2p0:difficulty><d2l_2p0:isbonus>no</d2l_2p0:isbonus><d2l_2p0:ismandatory>no</d2l_2p0:ismandatory></itemproc_extension><presentation><flow><material><mattext texttype="text/html">&lt;p&gt;The course was logically organized.&lt;/p&gt;
&lt;p&gt;Please comment on your answer. (2 of 2)&lt;/p&gt;</mattext></material><response_extension><d2l_2p0:has_signed_comments>no</d2l_2p0:has_signed_comments><d2l_2p0:has_htmleditor>no</d2l_2p0:has_htmleditor><d2l_2p0:has_fileupload>no</d2l_2p0:has_fileupload></response_extension><response_str ident="QUES_12438_17486_STR" rcardinality="Multiple"><render_fib rows="15" columns="100" prompt="Box" fibtype="String"><response_label ident="QUES_12438_17486_LA"><material><mattext texttype="text/plain" /></material></response_label></render_fib></response_str></flow></presentation></item><item ident="OBJ_45501" label="QUES_12440_19588" d2l_2p0:page="1"><itemmetadata><qtimetadata><qti_metadatafield><fieldlabel>qmd_computerscored</fieldlabel><fieldentry>yes</fieldentry></qti_metadatafield><qti_metadatafield><fieldlabel>qmd_questiontype</fieldlabel><fieldentry>Multiple Choice</fieldentry></qti_metadatafield><qti_metadatafield><fieldlabel>qmd_globalid</fieldlabel><fieldentry>348eed4a-3024-4d10-9456-ce1ff7885095</fieldentry></qti_metadatafield><qti_metadatafield><fieldlabel>qmd_displayid</fieldlabel><fieldentry>DDN237-DEV-EN-26</fieldentry></qti_metadatafield></qtimetadata></itemmetadata><itemproc_extension><d2l_2p0:difficulty>1</d2l_2p0:difficulty><d2l_2p0:isbonus>no</d2l_2p0:isbonus><d2l_2p0:ismandatory>no</d2l_2p0:ismandatory></itemproc_extension><presentation><flow><material><mattext texttype="text/html">&lt;p&gt;The course increased my knowledge of AI and the global landscape.&lt;/p&gt;</mattext></material><response_extension><d2l_2p0:display_style>2</d2l_2p0:display_style><d2l_2p0:enumeration>6</d2l_2p0:enumeration><d2l_2p0:grading_type>0</d2l_2p0:grading_type></response_extension><response_lid ident="QUES_12440_19588_LID" rcardinality="Single"><render_choice shuffle="no"><flow_label class="Block"><response_label ident="QUES_12440_19588_A76058"><flow_mat><material><mattext texttype="text/html">&lt;p&gt;Totally disagree&lt;/p&gt;</mattext></material></flow_mat></response_label></flow_label><flow_label class="Block"><response_label ident="QUES_12440_19588_A76059"><flow_mat><material><mattext texttype="text/html">&lt;p&gt;Somewhat disagree&lt;/p&gt;</mattext></material></flow_mat></response_label></flow_label><flow_label class="Block"><response_label ident="QUES_12440_19588_A76060"><flow_mat><material><mattext texttype="text/html">&lt;p&gt;Somewhat agree&lt;/p&gt;</mattext></material></flow_mat></response_label></flow_label><flow_label class="Block"><response_label ident="QUES_12440_19588_A76061"><flow_mat><material><mattext texttype="text/html">&lt;p&gt;Totally agree&lt;/p&gt;</mattext></material></flow_mat></response_label></flow_label></render_choice></response_lid></flow></presentation><resprocessing><respcondition title="Response Condition 1"><conditionvar><varequal respident="QUES_12440_19588_LID">QUES_12440_19588_A76058</varequal></conditionvar><setvar action="Set">0.000000000</setvar><displayfeedback feedbacktype="Response" linkrefid="QUES_12440_19588_IF76058" /></respcondition><respcondition title="Response Condition 2"><conditionvar><varequal respident="QUES_12440_19588_LID">QUES_12440_19588_A76059</varequal></conditionvar><setvar action="Set">0.000000000</setvar><displayfeedback feedbacktype="Response" linkrefid="QUES_12440_19588_IF76059" /></respcondition><respcondition title="Response Condition 3"><conditionvar><varequal respident="QUES_12440_19588_LID">QUES_12440_19588_A76060</varequal></conditionvar><setvar action="Set">0.000000000</setvar><displayfeedback feedbacktype="Response" linkrefid="QUES_12440_19588_IF76060" /></respcondition><respcondition title="Response Condition 4"><conditionvar><varequal respident="QUES_12440_19588_LID">QUES_12440_19588_A76061</varequal></conditionvar><setvar action="Set">0.000000000</setvar><displayfeedback feedbacktype="Response" linkrefid="QUES_12440_19588_IF76061" /></respcondition></resprocessing><itemfeedback ident="QUES_12440_19588_IF76058"><material><mattext texttype="text/plain" /></material></itemfeedback><itemfeedback ident="QUES_12440_19588_IF76059"><material><mattext texttype="text/plain" /></material></itemfeedback><itemfeedback ident="QUES_12440_19588_IF76060"><material><mattext texttype="text/plain" /></material></itemfeedback><itemfeedback ident="QUES_12440_19588_IF76061"><material><mattext texttype="text/plain" /></material></itemfeedback></item><item ident="OBJ_45512" label="QUES_12453_17502" d2l_2p0:page="1"><itemmetadata><qtimetadata><qti_metadatafield><fieldlabel>qmd_computerscored</fieldlabel><fieldentry>yes</fieldentry></qti_metadatafield><qti_metadatafield><fieldlabel>qmd_questiontype</fieldlabel><fieldentry>Multiple Choice</fieldentry></qti_metadatafield><qti_metadatafield><fieldlabel>qmd_globalid</fieldlabel><fieldentry>20924cf8-44e2-4cb8-bab5-54a4f812fc87</fieldentry></qti_metadatafield><qti_metadatafield><fieldlabel>qmd_displayid</fieldlabel><fieldentry>DDN237-DEV-EN-40</fieldentry></qti_metadatafield></qtimetadata></itemmetadata><itemproc_extension><d2l_2p0:difficulty>1</d2l_2p0:difficulty><d2l_2p0:isbonus>no</d2l_2p0:isbonus><d2l_2p0:ismandatory>no</d2l_2p0:ismandatory></itemproc_extension><presentation><flow><material><mattext texttype="text/html">&lt;p&gt;It was easy to navigate the platform. (1 of 2)&lt;/p&gt;</mattext></material><response_extension><d2l_2p0:display_style>2</d2l_2p0:display_style><d2l_2p0:enumeration>6</d2l_2p0:enumeration><d2l_2p0:grading_type>0</d2l_2p0:grading_type></response_extension><response_lid ident="QUES_12453_17502_LID" rcardinality="Single"><render_choice shuffle="no"><flow_label class="Block"><response_label ident="QUES_12453_17502_A68196"><flow_mat><material><mattext texttype="text/html">&lt;p&gt;Totally disagree&lt;/p&gt;</mattext></material></flow_mat></response_label></flow_label><flow_label class="Block"><response_label ident="QUES_12453_17502_A68197"><flow_mat><material><mattext texttype="text/html">&lt;p&gt;Somewhat disagree&lt;/p&gt;</mattext></material></flow_mat></response_label></flow_label><flow_label class="Block"><response_label ident="QUES_12453_17502_A68198"><flow_mat><material><mattext texttype="text/html">&lt;p&gt;Somewhat agree&lt;/p&gt;</mattext></material></flow_mat></response_label></flow_label><flow_label class="Block"><response_label ident="QUES_12453_17502_A68199"><flow_mat><material><mattext texttype="text/html">&lt;p&gt;Totally agree&lt;/p&gt;</mattext></material></flow_mat></response_label></flow_label></render_choice></response_lid></flow></presentation><resprocessing><respcondition title="Response Condition 1"><conditionvar><varequal respident="QUES_12453_17502_LID">QUES_12453_17502_A68196</varequal></conditionvar><setvar action="Set">0.000000000</setvar><displayfeedback feedbacktype="Response" linkrefid="QUES_12453_17502_IF68196" /></respcondition><respcondition title="Response Condition 2"><conditionvar><varequal respident="QUES_12453_17502_LID">QUES_12453_17502_A68197</varequal></conditionvar><setvar action="Set">0.000000000</setvar><displayfeedback feedbacktype="Response" linkrefid="QUES_12453_17502_IF68197" /></respcondition><respcondition title="Response Condition 3"><conditionvar><varequal respident="QUES_12453_17502_LID">QUES_12453_17502_A68198</varequal></conditionvar><setvar action="Set">0.000000000</setvar><displayfeedback feedbacktype="Response" linkrefid="QUES_12453_17502_IF68198" /></respcondition><respcondition title="Response Condition 4"><conditionvar><varequal respident="QUES_12453_17502_LID">QUES_12453_17502_A68199</varequal></conditionvar><setvar action="Set">0.000000000</setvar><displayfeedback feedbacktype="Response" linkrefid="QUES_12453_17502_IF68199" /></respcondition></resprocessing><itemfeedback ident="QUES_12453_17502_IF68196"><material><mattext texttype="text/plain" /></material></itemfeedback><itemfeedback ident="QUES_12453_17502_IF68197"><material><mattext texttype="text/plain" /></material></itemfeedback><itemfeedback ident="QUES_12453_17502_IF68198"><material><mattext texttype="text/plain" /></material></itemfeedback><itemfeedback ident="QUES_12453_17502_IF68199"><material><mattext texttype="text/plain" /></material></itemfeedback></item><item ident="OBJ_45513" label="QUES_12454_17503" d2l_2p0:page="1"><itemmetadata><qtimetadata><qti_metadatafield><fieldlabel>qmd_computerscored</fieldlabel><fieldentry>yes</fieldentry></qti_metadatafield><qti_metadatafield><fieldlabel>qmd_questiontype</fieldlabel><fieldentry>Long Answer</fieldentry></qti_metadatafield><qti_metadatafield><fieldlabel>qmd_globalid</fieldlabel><fieldentry>dce15642-0d89-45cb-ac78-ff47fbb518e5</fieldentry></qti_metadatafield><qti_metadatafield><fieldlabel>qmd_displayid</fieldlabel><fieldentry>DDN237-DEV-EN-41</fieldentry></qti_metadatafield></qtimetadata></itemmetadata><itemproc_extension><d2l_2p0:difficulty>1</d2l_2p0:difficulty><d2l_2p0:isbonus>no</d2l_2p0:isbonus><d2l_2p0:ismandatory>no</d2l_2p0:ismandatory></itemproc_extension><presentation><flow><material><mattext texttype="text/html">&lt;p&gt;It was easy to navigate the platform.&lt;/p&gt;
&lt;p&gt;Please comment on your answer. (2 of 2)&lt;/p&gt;</mattext></material><response_extension><d2l_2p0:has_signed_comments>no</d2l_2p0:has_signed_comments><d2l_2p0:has_htmleditor>no</d2l_2p0:has_htmleditor><d2l_2p0:has_fileupload>no</d2l_2p0:has_fileupload></response_extension><response_str ident="QUES_12454_17503_STR" rcardinality="Multiple"><render_fib rows="15" columns="100" prompt="Box" fibtype="String"><response_label ident="QUES_12454_17503_LA"><material><mattext texttype="text/plain" /></material></response_label></render_fib></response_str></flow></presentation></item><item ident="OBJ_45514" label="QUES_12456_17505" d2l_2p0:page="1"><itemmetadata><qtimetadata><qti_metadatafield><fieldlabel>qmd_computerscored</fieldlabel><fieldentry>yes</fieldentry></qti_metadatafield><qti_metadatafield><fieldlabel>qmd_questiontype</fieldlabel><fieldentry>Multiple Choice</fieldentry></qti_metadatafield><qti_metadatafield><fieldlabel>qmd_globalid</fieldlabel><fieldentry>74e489a6-de59-4aef-a3c0-2415da5e78f8</fieldentry></qti_metadatafield><qti_metadatafield><fieldlabel>qmd_displayid</fieldlabel><fieldentry>DDN237-DEV-EN-43</fieldentry></qti_metadatafield></qtimetadata></itemmetadata><itemproc_extension><d2l_2p0:difficulty>1</d2l_2p0:difficulty><d2l_2p0:isbonus>no</d2l_2p0:isbonus><d2l_2p0:ismandatory>no</d2l_2p0:ismandatory></itemproc_extension><presentation><flow><material><mattext texttype="text/html">&lt;p&gt;The course kept my interest throughout. (1 of 2)&lt;/p&gt;</mattext></material><response_extension><d2l_2p0:display_style>2</d2l_2p0:display_style><d2l_2p0:enumeration>6</d2l_2p0:enumeration><d2l_2p0:grading_type>0</d2l_2p0:grading_type></response_extension><response_lid ident="QUES_12456_17505_LID" rcardinality="Single"><render_choice shuffle="no"><flow_label class="Block"><response_label ident="QUES_12456_17505_A68202"><flow_mat><material><mattext texttype="text/html">&lt;p&gt;Totally disagree&lt;/p&gt;</mattext></material></flow_mat></response_label></flow_label><flow_label class="Block"><response_label ident="QUES_12456_17505_A68203"><flow_mat><material><mattext texttype="text/html">&lt;p&gt;Somewhat disagree&lt;/p&gt;</mattext></material></flow_mat></response_label></flow_label><flow_label class="Block"><response_label ident="QUES_12456_17505_A68204"><flow_mat><material><mattext texttype="text/html">&lt;p&gt;Somewhat agree&lt;/p&gt;</mattext></material></flow_mat></response_label></flow_label><flow_label class="Block"><response_label ident="QUES_12456_17505_A68205"><flow_mat><material><mattext texttype="text/html">&lt;p&gt;Totally agree&lt;/p&gt;</mattext></material></flow_mat></response_label></flow_label></render_choice></response_lid></flow></presentation><resprocessing><respcondition title="Response Condition 1"><conditionvar><varequal respident="QUES_12456_17505_LID">QUES_12456_17505_A68202</varequal></conditionvar><setvar action="Set">0.000000000</setvar><displayfeedback feedbacktype="Response" linkrefid="QUES_12456_17505_IF68202" /></respcondition><respcondition title="Response Condition 2"><conditionvar><varequal respident="QUES_12456_17505_LID">QUES_12456_17505_A68203</varequal></conditionvar><setvar action="Set">0.000000000</setvar><displayfeedback feedbacktype="Response" linkrefid="QUES_12456_17505_IF68203" /></respcondition><respcondition title="Response Condition 3"><conditionvar><varequal respident="QUES_12456_17505_LID">QUES_12456_17505_A68204</varequal></conditionvar><setvar action="Set">0.000000000</setvar><displayfeedback feedbacktype="Response" linkrefid="QUES_12456_17505_IF68204" /></respcondition><respcondition title="Response Condition 4"><conditionvar><varequal respident="QUES_12456_17505_LID">QUES_12456_17505_A68205</varequal></conditionvar><setvar action="Set">0.000000000</setvar><displayfeedback feedbacktype="Response" linkrefid="QUES_12456_17505_IF68205" /></respcondition></resprocessing><itemfeedback ident="QUES_12456_17505_IF68202"><material><mattext texttype="text/plain" /></material></itemfeedback><itemfeedback ident="QUES_12456_17505_IF68203"><material><mattext texttype="text/plain" /></material></itemfeedback><itemfeedback ident="QUES_12456_17505_IF68204"><material><mattext texttype="text/plain" /></material></itemfeedback><itemfeedback ident="QUES_12456_17505_IF68205"><material><mattext texttype="text/plain" /></material></itemfeedback></item><item ident="OBJ_45515" label="QUES_12458_17507" d2l_2p0:page="1"><itemmetadata><qtimetadata><qti_metadatafield><fieldlabel>qmd_computerscored</fieldlabel><fieldentry>yes</fieldentry></qti_metadatafield><qti_metadatafield><fieldlabel>qmd_questiontype</fieldlabel><fieldentry>Long Answer</fieldentry></qti_metadatafield><qti_metadatafield><fieldlabel>qmd_globalid</fieldlabel><fieldentry>c26fd584-9874-486d-9e4b-37c6f766e87a</fieldentry></qti_metadatafield><qti_metadatafield><fieldlabel>qmd_displayid</fieldlabel><fieldentry>DDN237-DEV-EN-45</fieldentry></qti_metadatafield></qtimetadata></itemmetadata><itemproc_extension><d2l_2p0:difficulty>1</d2l_2p0:difficulty><d2l_2p0:isbonus>no</d2l_2p0:isbonus><d2l_2p0:ismandatory>no</d2l_2p0:ismandatory></itemproc_extension><presentation><flow><material><mattext texttype="text/html">&lt;p&gt;The course kept my interest throughout.&lt;/p&gt;
&lt;p&gt;Please comment on your answer. (2 of 2)&lt;/p&gt;</mattext></material><response_extension><d2l_2p0:has_signed_comments>no</d2l_2p0:has_signed_comments><d2l_2p0:has_htmleditor>no</d2l_2p0:has_htmleditor><d2l_2p0:has_fileupload>no</d2l_2p0:has_fileupload></response_extension><response_str ident="QUES_12458_17507_STR" rcardinality="Multiple"><render_fib rows="15" columns="100" prompt="Box" fibtype="String"><response_label ident="QUES_12458_17507_LA"><material><mattext texttype="text/plain" /></material></response_label></render_fib></response_str></flow></presentation></item><item ident="OBJ_45516" label="QUES_12459_17508" d2l_2p0:page="1"><itemmetadata><qtimetadata><qti_metadatafield><fieldlabel>qmd_computerscored</fieldlabel><fieldentry>yes</fieldentry></qti_metadatafield><qti_metadatafield><fieldlabel>qmd_questiontype</fieldlabel><fieldentry>Long Answer</fieldentry></qti_metadatafield><qti_metadatafield><fieldlabel>qmd_globalid</fieldlabel><fieldentry>1d82692b-6ac2-4421-89e8-f3cbac21db5e</fieldentry></qti_metadatafield><qti_metadatafield><fieldlabel>qmd_displayid</fieldlabel><fieldentry>DDN237-DEV-EN-46</fieldentry></qti_metadatafield></qtimetadata></itemmetadata><itemproc_extension><d2l_2p0:difficulty>1</d2l_2p0:difficulty><d2l_2p0:isbonus>no</d2l_2p0:isbonus><d2l_2p0:ismandatory>no</d2l_2p0:ismandatory></itemproc_extension><presentation><flow><material><mattext texttype="text/html">&lt;p&gt;What would improve the course experience for you?&lt;/p&gt;</mattext></material><response_extension><d2l_2p0:has_signed_comments>no</d2l_2p0:has_signed_comments><d2l_2p0:has_htmleditor>no</d2l_2p0:has_htmleditor><d2l_2p0:has_fileupload>no</d2l_2p0:has_fileupload></response_extension><response_str ident="QUES_12459_17508_STR" rcardinality="Multiple"><render_fib rows="15" columns="100" prompt="Box" fibtype="String"><response_label ident="QUES_12459_17508_LA"><material><mattext texttype="text/plain" /></material></response_label></render_fib></response_str></flow></presentation></item><item ident="OBJ_45517" label="QUES_12460_17509" d2l_2p0:page="1"><itemmetadata><qtimetadata><qti_metadatafield><fieldlabel>qmd_computerscored</fieldlabel><fieldentry>yes</fieldentry></qti_metadatafield><qti_metadatafield><fieldlabel>qmd_questiontype</fieldlabel><fieldentry>Long Answer</fieldentry></qti_metadatafield><qti_metadatafield><fieldlabel>qmd_globalid</fieldlabel><fieldentry>5c7acc57-46c1-4b73-a416-4ea0a884c4e3</fieldentry></qti_metadatafield><qti_metadatafield><fieldlabel>qmd_displayid</fieldlabel><fieldentry>DDN237-DEV-EN-47</fieldentry></qti_metadatafield></qtimetadata></itemmetadata><itemproc_extension><d2l_2p0:difficulty>1</d2l_2p0:difficulty><d2l_2p0:isbonus>no</d2l_2p0:isbonus><d2l_2p0:ismandatory>no</d2l_2p0:ismandatory></itemproc_extension><presentation><flow><material><mattext texttype="text/html">&lt;p&gt;What further feedback do you have for this course?&lt;/p&gt;</mattext></material><response_extension><d2l_2p0:has_signed_comments>no</d2l_2p0:has_signed_comments><d2l_2p0:has_htmleditor>no</d2l_2p0:has_htmleditor><d2l_2p0:has_fileupload>no</d2l_2p0:has_fileupload></response_extension><response_str ident="QUES_12460_17509_STR" rcardinality="Multiple"><render_fib rows="15" columns="100" prompt="Box" fibtype="String"><response_label ident="QUES_12460_17509_LA"><material><mattext texttype="text/plain" /></material></response_label></render_fib></response_str></flow></presentation></item><item ident="OBJ_45740" label="QUES_13660_19598" d2l_2p0:page="1"><itemmetadata><qtimetadata><qti_metadatafield><fieldlabel>qmd_computerscored</fieldlabel><fieldentry>yes</fieldentry></qti_metadatafield><qti_metadatafield><fieldlabel>qmd_questiontype</fieldlabel><fieldentry>Multiple Choice</fieldentry></qti_metadatafield><qti_metadatafield><fieldlabel>qmd_globalid</fieldlabel><fieldentry>be4c8116-d8e2-4430-975c-06ecdb61457a</fieldentry></qti_metadatafield><qti_metadatafield><fieldlabel>qmd_displayid</fieldlabel><fieldentry>DDN248-DEV-EN-8</fieldentry></qti_metadatafield></qtimetadata></itemmetadata><itemproc_extension><d2l_2p0:difficulty>1</d2l_2p0:difficulty><d2l_2p0:isbonus>no</d2l_2p0:isbonus><d2l_2p0:ismandatory>no</d2l_2p0:ismandatory></itemproc_extension><presentation><flow><material><mattext texttype="text/html">&lt;p&gt;Two different visual representations of Aika were shown. &lt;br/&gt;Click on the one that you prefer:&amp;#160;&lt;/p&gt;</mattext></material><response_extension><d2l_2p0:display_style>2</d2l_2p0:display_style><d2l_2p0:enumeration>6</d2l_2p0:enumeration><d2l_2p0:grading_type>0</d2l_2p0:grading_type></response_extension><response_lid ident="QUES_13660_19598_LID" rcardinality="Single"><render_choice shuffle="no"><flow_label class="Block"><response_label ident="QUES_13660_19598_A76077"><flow_mat><material><mattext texttype="text/html">&lt;p&gt;&lt;img src="PastedImage_5419506caa6c4b1297cff06b456a4239_imagetools1.png" alt="Aika version 1" title="AIKA version 1" width="411" height="300"/&gt;&lt;/p&gt;</mattext></material></flow_mat></response_label></flow_label><flow_label class="Block"><response_label ident="QUES_13660_19598_A76078"><flow_mat><material><mattext texttype="text/html">&lt;p&gt;&lt;img src="AIKA%20version%202.png" alt="Aika version 2" title="Aika version 2" style="max-width: 100%;"/&gt;&lt;/p&gt;</mattext></material></flow_mat></response_label></flow_label></render_choice></response_lid></flow></presentation><resprocessing><respcondition title="Response Condition 1"><conditionvar><varequal respident="QUES_13660_19598_LID">QUES_13660_19598_A76077</varequal></conditionvar><setvar action="Set">0.000000000</setvar><displayfeedback feedbacktype="Response" linkrefid="QUES_13660_19598_IF76077" /></respcondition><respcondition title="Response Condition 2"><conditionvar><varequal respident="QUES_13660_19598_LID">QUES_13660_19598_A76078</varequal></conditionvar><setvar action="Set">0.000000000</setvar><displayfeedback feedbacktype="Response" linkrefid="QUES_13660_19598_IF76078" /></respcondition></resprocessing><itemfeedback ident="QUES_13660_19598_IF76077"><material><mattext texttype="text/plain" /></material></itemfeedback><itemfeedback ident="QUES_13660_19598_IF76078"><material><mattext texttype="text/plain" /></material></itemfeedback></item></section></assessment></questestinterop>